-- phpMyAdmin SQL Dump
-- version 4.5.1
-- http://www.phpmyadmin.net
--
-- Servidor: 127.0.0.1
-- Tiempo de generación: 22-12-2016 a las 22:55:58
-- Versión del servidor: 10.1.9-MariaDB
-- Versión de PHP: 5.6.15

SET SQL_MODE = "NO_AUTO_VALUE_ON_ZERO";
SET time_zone = "+00:00";


/*!40101 SET @OLD_CHARACTER_SET_CLIENT=@@CHARACTER_SET_CLIENT */;
/*!40101 SET @OLD_CHARACTER_SET_RESULTS=@@CHARACTER_SET_RESULTS */;
/*!40101 SET @OLD_COLLATION_CONNECTION=@@COLLATION_CONNECTION */;
/*!40101 SET NAMES utf8mb4 */;

--
-- Base de datos: `indice2db`
--

-- --------------------------------------------------------

--
-- Estructura de tabla para la tabla `characters`
--

CREATE TABLE `characters` (
  `id` int(10) UNSIGNED NOT NULL,
  `name` varchar(255) COLLATE utf8_unicode_ci NOT NULL,
  `department` varchar(255) COLLATE utf8_unicode_ci NOT NULL,
  `photo` varchar(255) COLLATE utf8_unicode_ci DEFAULT NULL
) ENGINE=InnoDB DEFAULT CHARSET=utf8 COLLATE=utf8_unicode_ci;

--
-- Volcado de datos para la tabla `characters`
--

INSERT INTO `characters` (`id`, `name`, `department`, `photo`) VALUES
(3, 'Harrison Ford', 'actor', '/aVKNqtkzZCymupOrvwxozamRyVc.jpg'),
(6, 'Anthony Daniels', 'actor', '/cljvryjb3VwTsNR7fjQKjNPMaBB.jpg'),
(24, 'Robert Zemeckis', 'director', '/jJpbvGw4xTC8lWMqNYpLVCMMVV.jpg'),
(31, 'Tom Hanks', 'actor', '/a14CNByTYALAPSGlwlmfHILpEIW.jpg'),
(85, 'Johnny Depp', 'actor', '/ea4fTp9T8Zy2KWxyFsqDIBgHZmb.jpg'),
(131, 'Jake Gyllenhaal', 'actor', '/wRgIPBzVzIIhWcdJAduPOKJJHsL.jpg'),
(190, 'Clint Eastwood', 'actor', '/n8h4ZHteFFXfmzUW6OEaPWanDnm.jpg'),
(287, 'Brad Pitt', 'actor', '/kc3M04QQAuZ9woUvH3Ju5T7ZqG5.jpg'),
(335, 'Michael Shannon', 'actor', '/5yGCJ6znHM96zTfW2LNP6uPPDCZ.jpg'),
(350, 'Laura Linney', 'actor', '/wi4CEJZDmkFvDgwqG98XXD1Ob3b.jpg'),
(400, 'Geraldine Chaplin', 'actor', '/x7N40x101QmzkNe9nrKWVKzT9n5.jpg'),
(500, 'Tom Cruise', 'actor', '/3oWEuo0e8Nx8JvkqYCDec2iMY6K.jpg'),
(504, 'Tim Robbins', 'actor', '/tuZCyZVVbHcpvtCgriSp5RRPwMX.jpg'),
(529, 'Guy Pearce', 'actor', '/qpcel7RjjJyiayVmw9zQ389qqwX.jpg'),
(532, 'Joe Pantoliano', 'actor', '/zBvDX2HWepvW9im6ikgoyOL2Xj0.jpg'),
(649, 'Vernon Dobtcheff', 'actor', '/lcPki2IDdmRvqiBbv2RUBfgm3IH.jpg'),
(726, 'Jack Weston', 'actor', '/1y2ohASYY91i4hDrkhZVuyb1uVD.jpg'),
(738, 'Sean Connery', 'actor', '/ce84udJZ9QRSR44jxwK2apM3DM8.jpg'),
(777, 'Judge Reinhold', 'actor', '/dra8yOHLV8yqXSdwBueXeaDsLXV.jpg'),
(824, 'Ethan Suplee', 'actor', '/tdfUFBwYm9rjwD2YtVl9LYoyoE2.jpg'),
(884, 'Steve Buscemi', 'actor', '/ieDyVKnQHo7eMGu1GOE7YYr2Fk4.jpg'),
(955, 'Penélope Cruz', 'actor', '/dcPSUfxMa791NZvrFiBc3ReDdpU.jpg'),
(1019, 'Mads Mikkelsen', 'actor', '/nJjN0bS6ssbOrXcnPJrNEIsbX9s.jpg'),
(1162, 'Robert Loggia', 'actor', '/7xtU12KT12xjy4UY1O6VKpw7FLx.jpg'),
(1247, 'Matthew Goode', 'actor', '/bSGvvLVbgpIFGLKj2CGeojsqOaH.jpg'),
(1295, 'Deep Roy', 'actor', '/rCg84FP1x5tOutHKRB4OKhQeR4N.jpg'),
(1331, 'Hugo Weaving', 'actor', '/ysED1kp94bpnweNVaDoVQQ6iy8X.jpg'),
(1341, 'Donnie Yen', 'actor', '/vlKBbOc0htUsDGvcxeULcFXDMRo.jpg'),
(1352, 'Jean-Louis Trintignant', 'actor', '/rvwO5Rsm2ZohPCQjwEvY30PBp68.jpg'),
(1607, 'Juan Fernández', 'actor', '/kA5I0SunYlTP9YJYwOrs4aCarCH.jpg'),
(1670, 'Daniel Mays', 'actor', '/1IEMFjJdY8x2Na12Dcn9XJo3rv4.jpg'),
(1680, 'Mami Koyama', 'actor', '/vqdcJrnO2VMMxyvg7j5Pft0dhmn.jpg'),
(1749, 'Leonard Nimoy', 'actor', '/5B5blUXy0PDvToh2nxZk4SVTdyP.jpg'),
(1811, 'Randy Quaid', 'actor', '/7rywy6gbSTG60xQWepRktD0feek.jpg'),
(2037, 'Cillian Murphy', 'actor', '/tEERcmKFHXypcwkP28MxVfvf6Ph.jpg'),
(2130, 'Cary Elwes', 'actor', '/wmvYoJHStQeQzrpqOM9tkvf1wwF.jpg'),
(2168, 'Jean Bouise', 'actor', '/rBFl7KVzK2tax2CUbLtJBFFcBzm.jpg'),
(2178, 'Forest Whitaker', 'actor', '/4pMQkelS5lK661m9Kz3oIxLYiyS.jpg'),
(2206, 'Samantha Morton', 'actor', '/zRvK2T98rz5smCwRiAaFRq1CoDo.jpg'),
(2227, 'Nicole Kidman', 'actor', '/1ammEgq5D6qw5mM4WkgUmnxQ7Uy.jpg'),
(2231, 'Samuel L. Jackson', 'actor', '/dlW6prW9HwYDsIRXNoFYtyHpSny.jpg'),
(2319, 'Maria de Medeiros', 'actor', '/cj7S0ncXnHlvDes44umI4TjESoE.jpg'),
(2372, 'Ron Perlman', 'actor', '/xZyrXT2iEmSOokQRc1hedmxrbTi.jpg'),
(2461, 'Mel Gibson', 'director', '/6VGgL0bBvPIJ9vDOyyGf5nK2zL4.jpg'),
(2565, 'Yves Montand', 'actor', '/zrDxGcU5r1T6arsSRu17fXKArWN.jpg'),
(2652, 'Ken Lynch', 'actor', '/6zrOWruN0LoolGOSNdzKdJMiVkd.jpg'),
(2838, 'Chloë Sevigny', 'actor', '/qhVabrmmSwfhbApuagf0NlEhBaf.jpg'),
(2848, 'Craig Erickson', 'actor', NULL),
(2963, 'Nicolas Cage', 'actor', '/fW37Gbk5PJZuXvyZwtcr0cMwPKY.jpg'),
(2977, 'Jamey Sheridan', 'actor', '/jpyh4Wd6AZ1oBCsbIxB72otXtcy.jpg'),
(3019, 'Olympia Dukakis', 'actor', '/A6Lb6pUF1Rr755Oi2vQvxzf0eHH.jpg'),
(3052, 'Rachel Griffiths', 'actor', '/uQKbVpLKTFuWfM1Ezvv12tti3e6.jpg'),
(3063, 'Tilda Swinton', 'actor', '/eGNo9qwlunvAi4kCVUEFtQFM5X.jpg'),
(3141, 'Marisa Tomei', 'actor', '/l87UKhZ1ethWmn8lksmLZ2LcQJ1.jpg'),
(3173, 'G. D. Spradlin', 'actor', '/lyk0Fo343PJJ5gItBqGGl7oG112.jpg'),
(3317, 'Takeshi Kitano', 'director', '/xkXZ7HC8uyhu5MtNnbdP8mhdiFN.jpg'),
(3483, 'Antonio de la Torre', 'actor', '/6gLwqdiKMB2s7ymeRAaHZlvGjvR.jpg'),
(3540, 'Raoul Coutard', 'actor', '/xfAtBAME3A4vb4uXkWAjtsasRBZ.jpg'),
(3623, 'Elena Anaya', 'actor', '/67brgegoJLcIQKiu4EEGtNymaUj.jpg'),
(3627, 'Paz Vega', 'actor', '/8aVfJnS3yI0n6aKaDFzxHdtn3Wt.jpg'),
(3833, 'Van Doude', 'actor', '/noGWxo0GIKm7zT4knGvdQDC1YPv.jpg'),
(3896, 'Liam Neeson', 'actor', '/9mdAohLsDu36WaXV2N3SQ388bvz.jpg'),
(3967, 'Kate Beckinsale', 'actor', '/pTRtcZn9gWQZRiet36qWKh94urn.jpg'),
(3968, 'Michael Sheen', 'actor', '/m05OsJdLlDC4pj2qYug0OevjUXu.jpg'),
(4175, 'Jeffrey Tambor', 'actor', '/csB350am07xyRL5Ik1BWuSY12tH.jpg'),
(4367, 'Yolanda Ramos', 'actor', '/7vZc4FXla6k3jFxKjvR9QduH4W6.jpg'),
(4429, 'Jim Jarmusch', 'director', '/kCGt4RCjVyyhusGeKsZp97HAxfQ.jpg'),
(4445, 'Chris Bauer', 'actor', '/3KYVMaGkWTEDQ0T9lsu85pVbP4T.jpg'),
(4453, 'Thomas Vinterberg', 'director', '/dFev1iqFyoSigPRyCQ7r9NwZXiv.jpg'),
(4455, 'Ulrich Thomsen', 'actor', '/eq8XlXcUsZNlv2Q7tjVQLVby74r.jpg'),
(4460, 'Trine Dyrholm', 'actor', '/ue2dx6F4g7uOR5nZJh8YEFlccJd.jpg'),
(4491, 'Jennifer Aniston', 'actor', '/uH9FwXtRpiboKeqHUk0RuJRAm6I.jpg'),
(4589, 'Benjamin Bratt', 'actor', '/nTJQPpn8OBkFM31rukjxM32rA0F.jpg'),
(4600, 'Joe Dante', 'actor', '/6tXq6DyArD72Nus1PBdxuksIgXo.jpg'),
(4688, 'Michael Rapaport', 'actor', '/i39bAISjAUWYlXZZA0wmjYWnZGf.jpg'),
(4785, 'Jeff Goldblum', 'actor', '/t812WlNdP6F2ksRj21JF68DUiwz.jpg'),
(4937, 'Vince Vaughn', 'actor', '/r6ISnWjO5fA9QA1BTWUGaqdPyxE.jpg'),
(5117, 'Birol Ünel', 'actor', '/hUYQB9P65fzHGwmKy9wFUVT5EUE.jpg'),
(5294, 'Chiwetel Ejiofor', 'actor', '/nfpaL5EvWf3C68Uc8Q8UocVNByh.jpg'),
(5309, 'Judi Dench', 'actor', '/7zqn87hMABLWVoEEUvowkBGgOu8.jpg'),
(5384, 'Method Man', 'actor', '/3LXIZTItw2fnA8gdBLJPLXg0DEC.jpg'),
(5419, 'Saïd Taghmaoui', 'actor', '/bOh3ZQ64WiGivN6GJrrO8vrw9wU.jpg'),
(5472, 'Colin Firth', 'actor', '/kbs5HzE2KjzbKiGYQw2aXFpdvaX.jpg'),
(5723, 'John Leguizamo', 'actor', '/rbq24AzthnwRXUYcVfUnP5bKN50.jpg'),
(5763, 'Jacques Tati', 'director', '/v7mgMICZsziH0jT1i7htNRIO2Og.jpg'),
(5963, 'Magali Noël', 'actor', '/pazJMT8hqxZUhc3MJ3xsI9oZ8Tp.jpg'),
(6091, 'August Diehl', 'actor', '/7mVN7kQc41Rx1jR5RRycsgb1rHR.jpg'),
(6102, 'Lex Barker', 'actor', '/zDbNsktl4Wz3chDweYn17v4fUUG.jpg'),
(6110, 'Graham Beckel', 'actor', '/hv1BySh6NFhR9dz1xtqdKn3gGCF.jpg'),
(6383, 'Aaron Eckhart', 'actor', '/aRSofX2rMpOhPanB9Wh7veYmFn4.jpg'),
(6856, 'Kurt Russell', 'actor', '/rlnFuNkisPpuypARI7QaGCmOY6V.jpg'),
(6949, 'John Malkovich', 'actor', '/j3KJURh51bOLb4WNqx4eGAbePV7.jpg'),
(7090, 'Kelsey Grammer', 'actor', '/8h3ThicYhj6fEMSMtSdzFXrUyx2.jpg'),
(7242, 'Temuera Morrison', 'actor', '/A1nD5J5uRwJM4hnpXd3DdmwZGjP.jpg'),
(7401, 'Lin Shaye', 'actor', '/erD3UM1YDkRS46D3XkhTSNXtRyg.jpg'),
(7497, 'Holt McCallany', 'actor', '/5Mw4StSwWwTLyBapXz9nOg7iUl5.jpg'),
(7624, 'Stan Lee', 'actor', '/dTr2gJPL7jELKVkcjtoNx80uVKR.jpg'),
(7906, 'Jennifer Tilly', 'actor', '/bNB0BTnPAdAAHuCQSprMk4smBMD.jpg'),
(7908, 'Frank Oz', 'actor', '/9KqCa2wS4EO2yymrVIgMiFHh6M4.jpg'),
(8010, 'Doug Sweetland', 'director', NULL),
(8229, 'Rod Taylor', 'actor', '/nCSU0Teu87l0Hep7CVTWbyHqPAX.jpg'),
(8233, 'Charles McGraw', 'actor', '/m6jBxQ3ZnePMBtCEy3eTu168kg3.jpg'),
(8293, 'Marion Cotillard', 'actor', '/mcDy3ngzKTUEurqcF4pELiPPrnW.jpg'),
(8496, 'Paul Fix', 'actor', '/bFJC3Qfckylu6T1lyMBEqUaDWCF.jpg'),
(8600, 'Matheus Nachtergaele', 'actor', '/lJMLW3NAJbV7AzHDz178HKSiuN5.jpg'),
(8688, 'Diego Luna', 'actor', '/9f1y0pLqohP8U3eEVCa4di1tESb.jpg'),
(8689, 'Barry Shabaka Henley', 'actor', '/1gZrPYLjAmHLYvSoQ9EWRddaCGD.jpg'),
(8892, 'Olivia Newton-John', 'actor', '/59u5Vo1ZhmTQPNW1W8wu66DZ0Cc.jpg'),
(8927, 'Jack Taylor', 'actor', '/3mxYZLn8mXTYtwMUn4HW6H1pHEK.jpg'),
(8930, 'John Cleese', 'actor', '/iGFWzoHz4ruCSfeEY54CRdMnFJ8.jpg'),
(9173, 'Eliott Keener', 'actor', NULL),
(9181, 'Edward Zwick', 'director', '/ucBi071XeIGMEHaEGKtU6PN1FwN.jpg'),
(9224, 'Marshall Efron', 'actor', NULL),
(9273, 'Amy Adams', 'actor', '/tk5eWJcOBr9uRefeUm9ntvehbLA.jpg'),
(9376, 'Belinda McClory', 'actor', '/g8bpncsgI2ETxc1HwvarRKLsw0D.jpg'),
(9642, 'Jude Law', 'actor', '/4077Cyuo1mw53u1gNjLyQkqeZN0.jpg'),
(9777, 'Cuba Gooding Jr.', 'actor', '/yu8Q3ImFu3RJne585jjgeQO2Boo.jpg'),
(9824, 'Diane Kruger', 'actor', '/cCVutSrGZg9kW2ux4hhvmm71ECJ.jpg'),
(9976, 'Henry Thomas', 'actor', '/6d3C0i9Dpc4T9BEjYUw3pbb4BlJ.jpg'),
(10099, 'Chan-wook Park', 'director', '/eFRXaT3RMoPemwDLNvfiFP0h8RX.jpg'),
(10127, 'Jon Voight', 'actor', '/c7BvyqlvqDkfkFqSBUCiR21fvTh.jpg'),
(10205, 'Sigourney Weaver', 'actor', '/bcDb0vbfWZBHo1QEh9oQVRs3vx2.jpg'),
(10461, 'Caroline Munro', 'actor', '/2yPLDrhJjjwjfQX6OMwBZnEyxmr.jpg'),
(10672, 'Art Malik', 'actor', '/dJ8isTdH4hLfQHDEJu7DQYdfeIz.jpg'),
(10726, 'James Fleet', 'actor', '/uRerBtLv4SZJp1s52vrkIF85tg2.jpg'),
(10872, 'Patton Oswalt', 'actor', '/dq3uNmTB7r8XTtadV3OD3N7LqV6.jpg'),
(10917, 'Simon Abkarian', 'actor', '/oR1F42rVMY8QsmjK0R8ST4RBBe0.jpg'),
(11160, 'Danny Trejo', 'actor', '/7b8cDfrmeheQbgryfCm7MeJOxxM.jpg'),
(11184, 'Warwick Davis', 'actor', '/5xBunTQJexQOuCmtlh8MNJerbaM.jpg'),
(11216, 'Julien Guiomar', 'actor', '/zbgWU6iMHhn8aApkwgmpvjG3vRT.jpg'),
(11223, 'Vittorio Caprioli', 'actor', '/rk3y1tWI5wMl6MAJvhMvNh3yoJN.jpg'),
(11275, 'Stephen Fry', 'actor', '/uaRoTAS2D15vdlpHm122UEUg5ck.jpg'),
(11343, 'David Yates', 'director', '/sCjOa6Yt5o4YeyB7t8LZwNVvtSw.jpg'),
(11355, 'Jason Isaacs', 'actor', '/1GtGhAJz1JloqHARqc2xMsq5rG4.jpg'),
(11550, 'Jean Dasté', 'actor', '/s0UtCT47iCTkhDfZDcwt3YsfsR6.jpg'),
(11661, 'Kate Hudson', 'actor', '/gGMM8T4QAd3lFC3CURMsmlVH37O.jpg'),
(11664, 'Zooey Deschanel', 'actor', '/5jwCtxdD6EziHPEux8ZCfhNzmvZ.jpg'),
(11764, 'Ian Abercrombie', 'actor', '/qci9vBTZJXQNLIFpCtIpXU881g8.jpg'),
(11870, 'Christine Baranski', 'actor', '/zqa4wSQpkakj1YZFORTknuTDPz4.jpg'),
(12077, 'Jim Cummings', 'actor', '/i9frXvIJsGtoFikBEFVqE7uN8Bq.jpg'),
(12078, 'Bobby Block', 'actor', NULL),
(12111, 'Justin Timberlake', 'actor', '/lB3pku743f3N82AVXz10fGGBAgL.jpg'),
(12206, 'Richard Roxburgh', 'actor', '/7PBOfqnGVEhpXBr3UJinDKFLEvS.jpg'),
(13014, 'Toby Jones', 'actor', '/7Flo5oYhQmcX5vc0TfAA6FB4ncS.jpg'),
(13240, 'Mark Wahlberg', 'actor', '/z2wJh5n7qZRUE1y9uB8UrivAV2b.jpg'),
(13257, 'Yûko Daike', 'actor', NULL),
(13275, 'Tadanobu Asano', 'actor', '/zlZsST8s1Apm6D6bCyYeWrCKZCy.jpg'),
(13277, 'Gadarukanaru Taka', 'actor', NULL),
(13278, 'Daigorō Tachibana', 'actor', NULL),
(13280, 'Yui Natsukawa', 'actor', '/y49Kk0dslXP0zXJjUYKB9X7Jbk9.jpg'),
(13281, 'Ittoku Kishibe', 'actor', '/zisEtz9j0k1AjExiSsgxMdhOYMh.jpg'),
(13282, 'Saburo Ishikura', 'actor', NULL),
(13283, 'Akira Emoto', 'actor', '/9jh1u0EGmIoeAuXgTWE76lB0DDr.jpg'),
(13294, 'Gene Kelly', 'actor', '/xbQZidMyhviuLmI1h8cJoJ7F1LV.jpg'),
(13565, 'Steve McQueen', 'actor', '/jbtlmyJwk0NMyLNu6ZFGuiRp3tE.jpg'),
(14151, 'Leopoldo Trieste', 'actor', '/yPdmZwmCW4cvmENFKMBj63NCFCq.jpg'),
(14637, 'Detlef Bothe', 'actor', '/A0DaUGDtkX2WxedgcwjhuPPh9Db.jpg'),
(14721, 'Kevin Dunn', 'actor', '/85thH2pUn2tPP97QhnYQI7MBiCW.jpg'),
(15152, 'James Earl Jones', 'actor', '/2ZuBf3ip2RXhkiQqGUjbUzAf4Nx.jpg'),
(15184, 'Marcel Bozzuffi', 'actor', '/vwlGmFLX4493fp6bFGrP89ejzf8.jpg'),
(15189, 'Michelangelo Antonioni', 'director', '/hcCQjNLV25dZY9tnON1ejxWZYWX.jpg'),
(15232, 'Ty Burrell', 'actor', '/hJeOomahu5I7CgODCU9jh7oPsu6.jpg'),
(15277, 'Jon Favreau', 'director', '/sJSGJwGa3hjMlJNUCxF7wQwo7fb.jpg'),
(15298, 'Rachel House', 'actor', '/8UGo2lHG5wtnH55lKPDm8oJ0IOk.jpg'),
(15389, 'Louis Malle', 'director', '/cctQl0GX13VOomruCBqciYaqyw6.jpg'),
(15402, 'Gérard Darrieu', 'actor', '/fPzSK7SdAcT4lodbzDpgUWuhuSa.jpg'),
(15440, 'Jared Harris', 'actor', '/r8ZvwQudTs243EIPU1ARPq2D4I8.jpg'),
(15488, 'Ken Loach', 'director', '/hamR7y4X1RkUIZumwkcwPakkGdH.jpg'),
(15705, 'Joseph Pevney', 'director', '/fbbX3wFSsZi9UCveE9zn7fB3St5.jpg'),
(15810, 'Ron Clements', 'director', '/lakkEixaHuVflUy5nkqeKI7LMT.jpg'),
(15811, 'John Musker', 'director', '/jQCExCN0TcjRkv2EbnbIDH7ycfR.jpg'),
(15899, 'Jenifer Lewis', 'actor', '/yMClokTiKKwa3KWSfxT1wsy9YZ.jpg'),
(15953, 'Keith Andes', 'actor', '/er8eS2jkZGzqPr26QWJPCKdwq9f.jpg'),
(16170, 'Zach Galligan', 'actor', '/u06Txf30YaDkr0qENUbSp4DGab3.jpg'),
(16358, 'Simon McBurney', 'actor', '/3SMFfBtmoDQncXBtICD61plB04W.jpg'),
(16420, 'Richard Boone', 'actor', '/kmNMYGDIxSPwgfXTrwXMawhyj29.jpg'),
(16867, 'Luis Tosar', 'actor', '/tRNvw26QeN80JwWHoamk262hjjq.jpg'),
(16971, 'Maribel Verdú', 'actor', '/i2ylwxUIUMdC9paltuovtud2bv5.jpg'),
(17005, 'Doug Jones', 'actor', '/4vTqBn4pQxb4Unou10ONZvgzf3Z.jpg'),
(17028, 'Charles Denner', 'actor', '/s9VXX5TXWAa8pa5USfiBlKVyQab.jpg'),
(17140, 'Abigail Breslin', 'actor', '/5zM4beIvrFKICiJXhQCqY3ORngR.jpg'),
(17282, 'Takashi Miike', 'director', '/3nZnxEnqSx01xkbHGk5OWTyW5zc.jpg'),
(17287, 'Dominic West', 'actor', '/7ulaodyOemroK5aj6IHH8FKK76H.jpg'),
(17343, 'Robert Knepper', 'actor', '/1ogC78qPLmDz2uRGLjI8LKtjvVl.jpg'),
(17354, 'Todd Boyce', 'actor', '/3TxjK0D3zuTg57ArfJFKxrnYNi2.jpg'),
(17419, 'Bryan Cranston', 'actor', '/fnglrIFnI5cK4OAh66AZN86mkFq.jpg'),
(17604, 'Jeremy Renner', 'actor', '/g8gheNEdPSXWH5SnjfjTYWj5ziU.jpg'),
(17759, 'Frank Faylen', 'actor', '/rTeI8MEFLqdtGkIO5bc96DqO4pE.jpg'),
(17960, 'Joe Burns', 'director', NULL),
(18841, 'Bud Spencer', 'actor', '/9DbwXqkoMLBqZaQYEeSDX934mTG.jpg'),
(18847, 'Irene Papas', 'actor', '/tJ0ErVqe8bmqz5vuU9iJLwiBGle.jpg'),
(18918, 'Dwayne Johnson', 'actor', '/akweMz59qsSoPUJYe7QpjAc2rQp.jpg'),
(18965, 'George Nader', 'actor', '/aV0FmeTbYzXQoByc4G8RLJ7DvuQ.jpg'),
(19024, 'Javier Gutiérrez', 'actor', '/qy8qEkPgnTFvdfXG2utW4feOwmF.jpg'),
(19075, 'Philippe Morier-Genoud', 'actor', NULL),
(19632, 'Georges Géret', 'actor', '/5Hvq9tnjbGCzb80zpVdp7e1jZnQ.jpg'),
(19665, 'John Boorman', 'director', '/8o9Z3rAFrn3JNBY5cUBKcqqCXYx.jpg'),
(19795, 'Luis Dávila', 'actor', NULL),
(19854, 'José Mota', 'actor', '/aWYKzisTLIuH0w17toMO1uknerc.jpg'),
(19942, 'Ronit Elkabetz', 'actor', '/ij48h9JNM97jnL6gYxSl2MMi5x1.jpg'),
(20030, 'Jacques Perrin', 'actor', '/dC3hgCkcTvsrw6fKxxTegJDQRzp.jpg'),
(20089, 'Jena Malone', 'actor', '/3QyoRU8kn6BnoV6afeJzulD5lX0.jpg'),
(20286, 'Toby Kebbell', 'actor', '/wQU3uFk2TWjT2qfs2Z6rkdbWbjx.jpg'),
(20289, 'Neil Jackson', 'actor', '/9AUKjkBXLHAMaAD8nVtqTXcyPA6.jpg'),
(20374, 'Teresa Palmer', 'actor', '/v9t3baWMoUcdEhec5SkCwa1aiL6.jpg'),
(20471, 'Demetri Goritsas', 'actor', '/3b3wImKHpQ6BvjoyuCJbU25GyoR.jpg'),
(20657, 'Cristian Mungiu', 'director', '/i4zys0cpFHATdT0rwXYE7XsNQdS.jpg'),
(20664, 'Kôichi Yamadera', 'actor', '/m5su8OKD2rZn9XWJfh8aPC403Nz.jpg'),
(20766, 'Richard E. Grant', 'actor', '/jMnSjjPQwCOAJ1kPRXLbh0WnsPa.jpg'),
(21029, 'Billy Burke', 'actor', '/89fN0eToreG678XFrMVwuwiKKoy.jpg'),
(21088, 'Alan Tudyk', 'actor', '/6QuMtbD8kmhpwWhFKfNzEvHRLOu.jpg'),
(21629, 'Tzi Ma', 'actor', '/qhE0WSceO8bwZcZ7Ssi8qhQb7xD.jpg'),
(22137, 'Viveca Lindfors', 'actor', '/r7F33o0rlbeQkxVGlRunhJ0gxjH.jpg'),
(22312, 'Venantino Venantini', 'actor', '/fYiEWMZDd3YQ5DunErkXaPZ9Qsd.jpg'),
(22370, 'Sara Kestelman', 'actor', NULL),
(22490, 'Matt Lattanzi', 'actor', '/ewiB9BXaynLLibBXIrL56DTzOpL.jpg'),
(22767, 'Alfonso Aráu', 'director', '/Agw6LyoGlrfJaBvTOQYzdxwUWHh.jpg'),
(23532, 'Jason Bateman', 'actor', '/ttzLpjvcLkvXyyTBpjmZw11tjlr.jpg'),
(23706, 'Eve Gordon', 'actor', '/a67iET2j82nska5Jt7gzro7LgFp.jpg'),
(23987, 'Jouji Nakata', 'actor', '/aPHy4mLEVC52ebXib06xqiWILOh.jpg'),
(24047, 'Courtney B. Vance', 'actor', '/sfqzKFw6Q0FhUgs2OOetH5jI8nT.jpg'),
(24366, 'Philippe Noiret', 'actor', '/cxqfBaHzXOOMVcxHYfAewhG2Cjc.jpg'),
(24422, 'Bernard Fresson', 'actor', '/qKxPvfwtiy7eYbmIGK7vz4JzZPd.jpg'),
(24435, 'Jack Wallace', 'actor', '/83wIH9unPcgk1lIIqYcojhVyOOP.jpg'),
(24918, 'Elvira Mínguez', 'actor', '/p9aMIZQGY7ikwWFgpWRR24PiIZg.jpg'),
(24974, 'Emma Suárez', 'actor', '/eBD2XiAO6s1pnmx1JD8ihCw0bYW.jpg'),
(24977, 'Karra Elejalde', 'actor', '/zcxUAKrcvCBN2CsDZS0qt52e3GT.jpg'),
(25257, 'Julieta Serrano', 'actor', '/f7Ouw5eRVaYDm6e4vSqF8XwVqSI.jpg'),
(25260, 'Emiliano Redondo', 'actor', NULL),
(25451, 'Spencer Wilding', 'actor', '/g3FJIpQZri7gG515rLehuo81T6W.jpg'),
(25503, 'Mandy Patinkin', 'actor', '/aiHwNtaKkUFd9kZ81wGhMANMKWC.jpg'),
(25645, 'Hirokazu Koreeda', 'director', '/oHr89yRVJa1mVvyTtbhqQ9Jh3IS.jpg'),
(25730, 'Brian Caspe', 'actor', '/1fDVsCwZOwp97Pdl7q743seHCMP.jpg'),
(25957, 'Catherine Demongeot', 'actor', '/13nkFh6FeXDA2wT1ydxckfKcvGr.jpg'),
(25958, 'Hubert Deschamps', 'actor', '/xossGGerbqoBKqrT1Eq7I0aQHv3.jpg'),
(25959, 'Carla Marlier', 'actor', NULL),
(25960, 'Annie Fratellini', 'actor', NULL),
(25961, 'Yvonne Clech', 'actor', '/wSwRiPwUU8hZykPxOEsNHLl6ByX.jpg'),
(25962, 'Odette Piquet', 'actor', '/qs3ZmwixfKkb1at2jGqkoLZI1sS.jpg'),
(25963, 'Nicolas Bataille', 'actor', NULL),
(25964, 'Antoine Roblot', 'actor', NULL),
(25965, 'Marc Doelnitz', 'actor', NULL),
(25966, 'Jacques Gheusi', 'actor', NULL),
(25967, 'Louis Lalanne', 'actor', NULL),
(25968, 'Christine Howard', 'actor', NULL),
(26069, 'Paul McGillion', 'actor', '/n6S66CIpNqThe6eugr94WZBbI6u.jpg'),
(27237, 'G. W. Bailey', 'actor', '/oHwJ8QTvYPLGqc6Kwgp5Lb6nOo.jpg'),
(27397, 'Anton Lesser', 'actor', '/tF6FIgBMgbSQng1ip01DC8h6rkH.jpg'),
(27428, 'Aaron Taylor-Johnson', 'actor', '/iQrBTHUtKVI2kN4u0hRKQz667cx.jpg'),
(27436, 'Costa-Gavras', 'director', '/qYwJwz88aAf0Uraz79egHt5R1a1.jpg'),
(27440, 'François Périer', 'actor', '/nYEA81FGfwT0O9obLX6gysC7VeO.jpg'),
(27441, 'Pierre Dux', 'actor', '/fkjY2GF1teETttG0DP32lYNGhvu.jpg'),
(27442, 'Renato Salvatori', 'actor', '/r8V3K1wup2hP7amy7zE1rFXAjfV.jpg'),
(27460, 'Guillermo Toledo', 'actor', '/6uFnKwU9kgGZsOADnZz5G4CpLEb.jpg'),
(27462, 'Alberto San Juan', 'actor', '/zINHsrGOsSyMks59EXkWMoDpZbK.jpg'),
(27632, 'Ben Daniels', 'actor', '/x6MI4Fdz1XbERbNbXYoxTK6NAgv.jpg'),
(27647, 'Angelo Infanti', 'actor', NULL),
(27972, 'Josh Hutcherson', 'actor', '/fuLYoaiiFhkJzAVj5jOtdZ8FlEl.jpg'),
(28477, 'Jonathan Aris', 'actor', '/6RMuwGYfLLGq01LNGBydj9jpTWn.jpg'),
(29240, 'Tom Vaughan-Lawlor', 'actor', NULL),
(29313, 'Dean Jagger', 'actor', '/ynPzyxE5xvkKDwr8xw18WoCsITN.jpg'),
(29461, 'Julian Casey', 'actor', NULL),
(29466, 'Russell Yuen', 'actor', '/jCzbsp4aN7xUd8iW6FZ4HGoNovF.jpg'),
(29896, 'Mark Frechette', 'actor', NULL),
(29897, 'Daria Halprin', 'actor', NULL),
(30082, 'Benedict Wong', 'actor', '/azCIaoC5TT3X99eujsoE3y5Pmnu.jpg'),
(30320, 'Annette Badland', 'actor', '/b8MbawOjWEEDDTd9IcA38bV0Ywg.jpg'),
(30613, 'Keith Carradine', 'actor', '/xAZfdJPrQX5OnHOF0OXMOo5sUlX.jpg'),
(31169, 'Julie Adams', 'actor', '/p6abeZkETxG9h2JdaKwzyesWSFv.jpg'),
(31549, 'Phil LaMarr', 'actor', '/2rYa0M1bOSAATGbF5oe5pmoNeDn.jpg'),
(31780, 'Cinzia Monreale', 'actor', '/lto3lWYaAvolLyDrHEX0x1nFY6D.jpg'),
(32093, 'Guy Mairesse', 'actor', NULL),
(32250, 'Sean Ellis', 'director', '/kjZvWdk8e4B9bDkhPfWzushR5az.jpg'),
(33181, 'Jimmy Smits', 'actor', '/tZfr6EaIxzlT9MhY5T4C6cL3UjF.jpg'),
(33401, 'Bosco Hogan', 'actor', '/Acjsa8CCIIQNTaoWyUj9fhTOt3o.jpg'),
(33410, 'Clara Segura', 'actor', '/yXYtVJ2OupJBHxzzt8FCULQsDuN.jpg'),
(33490, 'Phill Lewis', 'actor', '/dhS3Er0m1cF9HgmcEXe2lmmlIG7.jpg'),
(33644, 'Paula Prentiss', 'actor', '/7KD1T9a3o14saRUFQZuf9Koe4hC.jpg'),
(33834, 'Ele Keats', 'actor', '/jvpj2Yq4U5nulKGoBy674EUe849.jpg'),
(34057, 'Julián Villagrán', 'actor', '/kMw3oyE3QjWKc4cpT9SklQRfXgB.jpg'),
(34616, 'Roger Dumas', 'actor', '/m0e8F0H3Tf4lvG2aIlpSRvWlZ79.jpg'),
(34983, 'Tress MacNeille', 'actor', '/4abcX0gAhxoHluUI2nPLsEvsnKa.jpg'),
(35214, 'Gabriel Jabbour', 'actor', '/wXnGooAHGWieHvFcxdZ2RlTetKx.jpg'),
(35219, 'Corey Burton', 'actor', '/2YzqhrgSpWqm8lxZoyIR4F0nusM.jpg'),
(36022, 'Hassan Hassani', 'actor', NULL),
(36221, 'Sam Anderson', 'actor', '/2zcmQEBeArztSQJ317nZCHwCVtF.jpg'),
(36409, 'Michael Beck', 'actor', '/gpaKVOeavCeK08GiukvnUgAiHFD.jpg'),
(36602, 'Peter Berg', 'director', '/vqyuaJWAiFMqDcDaIzvDG1n9E2E.jpg'),
(37149, 'Luis Da Silva Jr.', 'actor', '/jGFNVgUwlMx8qakEsdXiCLcU5ym.jpg'),
(37153, 'Zoë Kravitz', 'actor', '/wcl5pdFDAUyDgJ1gfQErXch6FgH.jpg'),
(37158, 'Carmen Ejogo', 'actor', '/yAiQAfxCAFw2SNIVpAePKXBvT58.jpg'),
(37460, 'François Chaumette', 'actor', '/iy1N8vx0qYIA162esETQNgpAoMX.jpg'),
(37526, 'Fernando Trueba', 'director', '/u0o8Oelx0KPL037RBxlNaB6G4Sa.jpg'),
(37569, 'Antonio Resines', 'actor', '/dyx66cqO6nsZqBu6hIHHT5Se8WT.jpg'),
(37625, 'Andrew Garfield', 'actor', '/lYzsWRuCdJqrOqWsc2ujzTKuVk5.jpg'),
(37632, 'Eddie Redmayne', 'actor', '/1aPKU3S8TA9VSo3htB9Tq42ahtx.jpg'),
(37917, 'Kristen Stewart', 'actor', '/e3PsBYlpDSp1CaLNDWh42GIpDGF.jpg'),
(37982, 'Agata Buzek', 'actor', '/qwYm1VhJ5lDhH811zj12EUjAXXf.jpg'),
(38024, 'Cynthia Nixon', 'actor', '/nxOBg8AJ2kYLsGpTiDtwOT36uwE.jpg'),
(39249, 'Maria Dragus', 'actor', '/6iSA3dCP9zKwX4yekhjhMxzjoYk.jpg'),
(39388, 'Amy Ryan', 'actor', '/bPpOoEkvYtpE1PVrXIpr8LHw37W.jpg'),
(39882, 'Andrée Tainsy', 'actor', NULL),
(39959, 'Vlad Ivanov', 'actor', '/zZn7WAHQeignC0WPfhA5d0SNqjZ.jpg'),
(40041, 'John Alderton', 'actor', '/3NPapeeli7saEZw67cmx7x2qExU.jpg'),
(40042, 'Sally Anne Newton', 'actor', NULL),
(40043, 'Niall Buggy', 'actor', '/9TPlvhoblLdowWVSs8olnG0J7CO.jpg'),
(40044, 'Jessica Swift', 'actor', NULL),
(40638, 'Guy Henry', 'actor', '/zNjPC6BTZj7DZK4KFL0nMC1El2S.jpg'),
(41044, 'Babou Ceesay', 'actor', '/7HtIvbNxACa03ofJpN4EFQTNtRU.jpg'),
(41730, 'Carole Cook', 'actor', '/nqOpt2uNlPgFsRx9FTJ0p1SIYFe.jpg'),
(42882, 'Erika Anderson', 'actor', NULL),
(43138, 'Ian McElhinney', 'actor', '/5uXESGhFNIXSIVnOA5vby8Ctg3n.jpg'),
(43321, 'Fernando Tejero', 'actor', '/qZp4BsDI8Pbfu0YLcQ31yFolj8C.jpg'),
(43663, 'Kirin Kiki', 'actor', '/coAuKp7a67X44gyqJwVYTK4urVk.jpg'),
(43800, 'Charles Dennis', 'actor', '/8fIRUCwca62nn5L1KgtfXbbGAB2.jpg'),
(44079, 'Charlotte Rampling', 'actor', '/iuggCphmBfNoUFaUWfpJCTxX4e6.jpg'),
(45378, 'Sandahl Bergman', 'actor', '/autibegxGq7oVvR5DGfEQL3ARoE.jpg'),
(46393, 'Roseanne Barr', 'actor', '/p36LMNfQssOQb5vUyYJRBEhQsaR.jpg'),
(46624, 'Atsuro Watabe', 'actor', '/x7c0ANsVV7QVxXtGR31t4rbny73.jpg'),
(47647, 'Christian Rubeck', 'actor', '/6KHeIoaS3eIn2TVBEyatMdFwEWv.jpg'),
(48583, 'Anne Fontaine', 'director', '/wtl2OPo3IydskWY3cMXInBba1w.jpg'),
(49941, 'William Lanteau', 'actor', NULL),
(49965, 'Tim Dutton', 'actor', '/lYzAZgSn1dkZp7s9NXzO0ke9Nrn.jpg'),
(49971, 'Jennifer Ehle', 'actor', '/lZsU6KrXXkIVtcvJmlPKwPRtBkn.jpg'),
(50542, 'Eugenio Martín', 'actor', NULL),
(50570, 'Jeff Chandler', 'actor', '/aRIPVuWCpyxsvSYyY8MH85wv1EJ.jpg'),
(50668, 'Jamie Bamber', 'actor', '/rpZJ1HhgyDySb9qnsrrzP96bgB5.jpg'),
(50835, 'Marcel Hillaire', 'actor', '/kUt6flere8BdiQgh4ZKoCvFO7DX.jpg'),
(51297, 'Jonah Bobo', 'actor', '/ujDjz3FtyCA3h2vF0rouoqatGNR.jpg'),
(51298, 'Dax Shepard', 'actor', '/50RfzslPEtaFdctKGU8GbWSheDZ.jpg'),
(51300, 'Derek Mears', 'actor', '/jsHyZmBZEmhrmK5XBDFJWsPsTwL.jpg'),
(51301, 'Douglas Tait', 'actor', NULL),
(51302, 'Joe Bucaro III', 'actor', '/6hspwgnTwEtz7tkAQQCHLPMAEBS.jpg'),
(51303, 'Jeff Wolfe', 'actor', '/iUALrUyPe6uq9kZQNHNf8cW5yKA.jpg'),
(51389, 'Joe Cobden', 'actor', '/kTf7OtOY1qBPmEbc4Kky9uMN58K.jpg'),
(51521, 'Robert Greenwald', 'director', '/rj5ViWRRIDccVsr0DZ41aDHbHeC.jpg'),
(51894, 'Juan Antonio Bayona', 'director', '/wBsdjDeNy9IEGlQ4God71IOmlOC.jpg'),
(51988, 'Lizzy Caplan', 'actor', '/twHeYwytmedhmv8HSHfTJOxqbTc.jpg'),
(51990, 'T.J. Miller', 'actor', '/wkm8YvulYwuB4pxEvOAlwv8AWdr.jpg'),
(52396, 'Stefanie von Pfetten', 'actor', '/ha4PqWCvNQaebpt6VNcZvOv8jaQ.jpg'),
(52657, 'Enzo Cannavale', 'actor', '/hkJ732FpjvADraxMI2UaHO5x8qe.jpg'),
(52848, 'Isla Fisher', 'actor', '/15aRHYLwt9xJWv8PCcxV7ylc4qZ.jpg'),
(52934, 'Nicholas Stoller', 'director', '/qwcx9bdVhmyjWb0KOCdRHDXoFZ9.jpg'),
(52997, 'Rob Corddry', 'actor', '/k2zJL0V1nEZuFT08xUdOd3ucfXz.jpg'),
(53240, 'Riz Ahmed', 'actor', '/yWjuIP634unLBCB4XjSgmJs5QGC.jpg'),
(53492, 'Sam Huntington', 'actor', '/nq7pwic6Xe6XTRzOfXjMCuUqbjt.jpg'),
(53714, 'Rachel McAdams', 'actor', '/c60WxtQceDxOp7sd2iWhOqn5Y2l.jpg'),
(53755, 'Elizabeth Reaser', 'actor', '/xwMhNtsH7ebNVcNS5aaXCt9riP.jpg'),
(53807, 'Armie Hammer', 'actor', '/bqzKfZJdchWCgB3mZ7WjYE6lyar.jpg'),
(54228, 'Déborah François', 'actor', '/u3UpufZdFggtangNlzKg16QSZRt.jpg'),
(54526, 'Paco Plaza', 'actor', '/kj5tBKhLcC8PcZHwGerEMZakXi5.jpg'),
(54691, 'Christopher Mintz-Plasse', 'actor', '/pioU58yFxKrazfWD9CZCXyyCf74.jpg'),
(54733, 'Greg Mottola', 'director', '/dC1BKEyTzgTqqy8c5MmSZrRLhNR.jpg'),
(54865, 'Jeff Kober', 'actor', '/eMp9ZsC77yddwW4SMiuZ7xOd0GS.jpg'),
(55466, 'James Corden', 'actor', '/wpWLJPp2JkF2QLwbqn5wwuPtiZo.jpg'),
(55499, 'Scott Derrickson', 'director', '/2498q7kKjApqbUMh4WEMxbtSDjn.jpg'),
(55586, 'Sam Redford', 'actor', '/As9hylT9XK7wJkXZs2505FrNzRT.jpg'),
(55621, 'Clotilde Joano', 'actor', '/eavikIG7LPIdGOFImtyUt80oGRg.jpg'),
(55936, 'Jemaine Clement', 'actor', '/juL82d8Cl1AQ1cUIOgJLRBGuNyY.jpg'),
(56100, 'Alistair Petrie', 'actor', '/tC5CHVPnxAMqF0W0csTqcDAawwj.jpg'),
(56450, 'Firass Dirani', 'actor', '/dqIE2ckazhjMc5ETNCPgn8B4Mr9.jpg'),
(56730, 'Cole Sprouse', 'actor', '/ecR3jwrg0nSeXZQ4l7a4y73Coul.jpg'),
(57012, 'Fares Fares', 'actor', '/1BE5IG3hcFXfMjBuJJyKs2JpPjI.jpg'),
(57449, 'Jodhi May', 'actor', '/dJQrUVE4Pl9c5FPL0OVNB8DPY0Y.jpg'),
(58045, 'Molly Hagan', 'actor', '/xfqpbt6U5dROCbhX31IwfNUqsUq.jpg'),
(58159, 'Rintaro', 'director', '/aSm2rwLXOQ4aJmcPrqVM3gWIjzL.jpg'),
(58225, 'Zach Galifianakis', 'actor', '/xZo7qB575ssksOhSqfrs6FVqtPR.jpg'),
(58444, 'Yui Ichikawa', 'actor', '/tG5W11NLh5TJ8nx7QtzrqZtzn5b.jpg'),
(58873, 'Dan Fogler', 'actor', '/75hCIe6KHpHUlJDcyoxEp035BWz.jpg'),
(59019, 'Jamal Mixon', 'actor', '/uTbShfB1S25jC2wM5Y8EEZvCg0W.jpg'),
(59147, 'Anne Wittman', 'actor', '/ammfZMEJsfyaOEmKGQH3Pb0ugYM.jpg'),
(59196, 'Joe Flaherty', 'actor', '/eQWzl4MazEkiaIsSuLIBBWB9zV9.jpg'),
(59260, 'Ann Cusack', 'actor', '/uA6NTOlBOM2JqHzDDSpAFPbp26y.jpg'),
(59841, 'Matt Walsh', 'actor', '/jJ7FIH1rjOUr2L7jO41Tzt757O.jpg'),
(59919, 'Russell Brand', 'actor', '/WwyYUbZYq4YJ7Zh7KTy1klJNso.jpg'),
(60047, 'Ram Bergman', 'actor', NULL),
(60650, 'Michael Paré', 'actor', '/g1cVLWWAgl3J1nNFhg67qXs8GUT.jpg'),
(60677, 'Brad Leland', 'actor', '/gIXb73WT2fyoCChUyJgjcThqaA1.jpg'),
(60881, 'Douglas M. Griffin', 'actor', '/5QTBIsyxZRo21uYGtpGBxvkz6cB.jpg'),
(60883, 'Don Brady', 'actor', '/bTsf2Pz8L9GwBlz1JmOlb3XjwMP.jpg'),
(60907, 'Larry Day', 'actor', '/kkYxACTQis5p1X5VPxLhsxFGprg.jpg'),
(60922, 'Josh Gordon', 'director', '/g316UVVZWfD4cXQpxYirnhgop7U.jpg'),
(60923, 'Will Speck', 'director', '/mrTboVxXv4LnVuPoBdQvU1cMD4l.jpg'),
(61711, 'Jorge Goldenberg', 'director', NULL),
(61784, 'Goran D. Kleut', 'actor', '/ikAVxzlgo4bXQWn4GpoFfDrgnth.jpg'),
(61907, 'Luke Pegler', 'actor', '/kA63wecV9OhIcktfcU2IcFSgqaO.jpg'),
(61959, 'Jeremy Suarez', 'actor', '/ktydBVBvNUlmfJj56aYwJ0O31JN.jpg'),
(62064, 'Chris Pine', 'actor', '/1UvmmLI0tc8QgGEktNm7sB4Ft6u.jpg'),
(62784, 'Billy Slaughter', 'actor', '/5YykEE15cNzgexL7d5ewAu5M8XN.jpg'),
(62846, 'Charlie Dell', 'actor', '/z0JgZxazJAVlHxLYXWM8eUZlOk8.jpg'),
(62861, 'Andy Samberg', 'actor', '/gneiMN0OldoxNfmu6dkcBEy0u2k.jpg'),
(62863, 'Jorma Taccone', 'actor', '/8NqZvjdsMIT3HgfdltoMBqxsEcB.jpg'),
(62888, 'Lia Bugnar', 'actor', NULL),
(63362, 'Ned Dennehy', 'actor', '/k4kgPvUND2eTrgmotrVWVJM0JUG.jpg'),
(63563, 'Veena Sood', 'actor', '/q60UF2tgYyvmyfgd8Jj9oe6QZ6a.jpg'),
(64099, 'Sam Pillsbury', 'director', NULL),
(64151, 'Mike Mitchell', 'director', '/thoCDW89KWWaSYrbvUX0adPcg8S.jpg'),
(64515, 'Pablo Espinosa', 'actor', NULL),
(64771, 'Ana Celentano', 'actor', '/vTBnE4DlrrrV93MZAovhES0s0iI.jpg'),
(65424, 'Rica Matsumoto', 'actor', '/cjBOFOJTcg786u7w0NQVd7hicRf.jpg'),
(65437, 'Junko Iwao', 'actor', '/xR0wJQdBwCmfCnkxfTpNRSiKsqS.jpg'),
(65717, 'Jon Hamm', 'actor', '/7sjEnFaFNOzPeu5GhCeNJWhnOLt.jpg'),
(65731, 'Sam Worthington', 'actor', '/9XzAE3ZnCnazub4xrSY8YBN7sNq.jpg'),
(66155, 'Hiroshi Abe', 'actor', '/a2vyZunjEClKkP6e8QWy9aS0M9d.jpg'),
(66524, 'Noureen DeWulf', 'actor', '/kamvMaDxCe2qdQvX5IWcyYp9np6.jpg'),
(67367, 'Rian Johnson', 'actor', '/qWWRFkeMjTjQKoyEXhsV0QQp4qd.jpg'),
(67471, 'Hideyuki Tanaka', 'actor', '/nx4SyJGPomrzWfSLGXmsFvDj3NZ.jpg'),
(67924, 'Steno', 'director', NULL),
(68385, 'Baldwyn Dakile', 'actor', NULL),
(68973, 'Masatoshi Nagase', 'actor', '/tfLSQKMo7ocCGbzFWJeQvjqF93l.jpg'),
(68988, 'Sho Aikawa', 'actor', '/mBszNDjvxOGBGVbasJWwHZlyXzw.jpg'),
(69791, 'Charles Haid', 'actor', '/Wna0bUskkYJAMFY5UiJMUbPG93.jpg'),
(70238, 'Chris Williams', 'director', '/lHhLOhdQvX8Cs5MjbONGBtj51Yb.jpg'),
(70287, 'Will Finn', 'director', '/lbFB2MFrDocpKqzgGlXBvtrLQmw.jpg'),
(70862, 'Richard Thorpe', 'director', '/qKk6cA98jtOv7gMAUZdaS314Z8y.jpg'),
(71189, 'Cobie Smulders', 'actor', '/7TIENKNwDdKSuYqyTENKtCznkCG.jpg'),
(71506, 'Rémi Bezançon', 'director', NULL),
(71580, 'Benedict Cumberbatch', 'actor', '/2NQH6clGUjJmVSOjWiVD54gurKE.jpg'),
(72307, 'Marion Bailey', 'actor', '/jHYdZNGSD6T341PlQp6j6lnENWm.jpg'),
(72466, 'Colin Farrell', 'actor', '/mmFfPFw9n3ObTqE3nx20uwpnilI.jpg'),
(72855, 'Felicity Jones', 'actor', '/9YekpRl6ndS7zpY0wwZAWcAXkl8.jpg'),
(72873, 'Michael Stuhlbarg', 'actor', '/i2AFa0liDriyN93myRSZHTUtoTN.jpg'),
(72887, 'Esperanza Roy', 'actor', '/vgZyDbQgRHOCWpreuCLdEVcXBbA.jpg'),
(73269, 'Elsa Pataky', 'actor', '/c1km2kqasJT9GTISMbBZpp3jbuR.jpg'),
(73446, 'Georges Rouquier', 'actor', NULL),
(74420, 'Buckley Norris', 'actor', NULL),
(74568, 'Chris Hemsworth', 'actor', '/eknQXvdsLkoCdF1wQ30f5qhbkXN.jpg'),
(74607, 'Autumn Reeser', 'actor', '/vZlZQkQzQ0PSCnQT77vqEFnYsoO.jpg'),
(75742, 'Anthony Phelan', 'actor', '/81fH305g9TTVvRj6xYO73bdS8X1.jpg'),
(75913, 'Ha Jung-Woo', 'actor', '/tXUhwIJ0LAthsFkRKbBxhP6zvhZ.jpg'),
(76544, 'Chris Ashworth', 'actor', '/rt52xrN4ewHdMp5kmOaZUdzrN3u.jpg'),
(76858, 'François-Xavier Demaison', 'actor', '/acqxJDT2HloE64B9zDBCAdYwXSO.jpg'),
(77070, 'Gwen Stefani', 'actor', '/3rXTUPjqPkSCGn5EgIinphBsXmm.jpg'),
(77301, 'Wen Jiang', 'actor', '/sLLXxXg11VFdVYFthF9RB8wIQKv.jpg'),
(77335, 'Ben Mendelsohn', 'actor', '/nAeZkSUXh9CUAUq1cFAg77rZLIS.jpg'),
(77795, 'Katherine Waterston', 'actor', '/x7WN8B1DB9RCptRZdzCN7fBjA61.jpg'),
(77931, 'Kotono Mitsuishi', 'actor', '/5yISpyXWjRlbfvPebO3iLc2s3tF.jpg'),
(78094, 'Karl-Otto Alberty', 'actor', '/oJk5SrhWwuuavo7MmPOJjb26jIj.jpg'),
(78110, 'Scott Adkins', 'actor', '/mX5vlgiyJ8XdvBUMlFe6FVQ9YDh.jpg'),
(78188, 'Whit Stillman', 'director', '/9LXExrWE8yOxvbUYFzP6mkF56IG.jpg'),
(78324, 'Jamie Chung', 'actor', '/3aPtsIPtdjAqneNTJH9B7B43zpO.jpg'),
(78727, 'Jenn Murray', 'actor', '/9vMFJN5X3iOXRdsXcd5XkTgq2Qs.jpg'),
(78798, 'Tom Kenny', 'actor', '/uU2VLWHkKZN0UkYVJBf1s1z2l3k.jpg'),
(79002, 'Nacho G. Velilla', 'director', NULL),
(79082, 'Randall Park', 'actor', '/xqeb4ha9TRqWVKuAtqQs3wT1tC2.jpg'),
(79434, 'Craig Zobel', 'director', NULL),
(80145, 'Jemma Redgrave', 'actor', '/mYmWbJ5DP299iaYaw0zzRW9oQN4.jpg'),
(80671, 'John Sanford', 'director', NULL),
(81260, 'Bill Milner', 'actor', '/gc1aD7V6mnEKuLhHJX9ssjxT2H7.jpg'),
(81364, 'Olivia Munn', 'actor', '/wnaT8PFZkE0m3WoVVbJU729UqBQ.jpg'),
(81480, 'Ori Pfeffer', 'actor', '/63XkpWKGVVTktNf1mqgcn514UZ6.jpg'),
(81848, 'Miguel Rellán', 'actor', '/cj9EN7nOTATfYYMJW1lBQTM1wYp.jpg'),
(81851, 'Emi Shinohara', 'actor', '/y0RXiPR3YF79Ea3kASYoujCFNQ2.jpg'),
(82149, 'Conor MacNeill', 'actor', '/kd0p5SsxJFkgc75LlcJSzxMWER7.jpg'),
(82607, 'Peter Docker', 'actor', NULL),
(82898, 'Kyōka Suzuki', 'actor', '/kPwFDE284d7In23JyEnZkgQYqXr.jpg'),
(83029, 'Shawn Campbell', 'actor', '/hdBWARfmmBw67gAZdCyjbfu21ix.jpg'),
(83122, 'Moon So-ri', 'actor', '/7ZM0ClQnS3A4kyhaInI8fvTCKJJ.jpg'),
(83860, 'Aldis Hodge', 'actor', '/bwnP5uuAsJgceLF2kJbeMJN0ONP.jpg'),
(84080, 'Newell Alexander', 'actor', '/15JqrblCZPd4Yy6mf6XMeQ0FUGs.jpg'),
(84223, 'Anna Kendrick', 'actor', '/dJn4oRzQAICBUYz6qPKhZjrXljr.jpg'),
(87015, 'Eduard Fernández', 'actor', '/amJKpgzBvEr9d6WIuT1MjADzDZT.jpg'),
(87192, 'Mike O''Malley', 'actor', '/9VwiKnQySJN7buvCg53v4NB5Tj7.jpg'),
(88123, 'Brenda Song', 'actor', '/h5zeq4ZahHxcLYivgyeyfSYGmmh.jpg'),
(89843, 'Oscar Kightley', 'actor', '/7yaqZT5e1UlxBmqQ3xpXAUP7SNL.jpg'),
(89968, 'Kazuhiko Inoue', 'actor', '/kjXAvvqaBI4rw8IKzz4fM9SGFSN.jpg'),
(90467, 'Andrew Shaver', 'actor', '/3wnctTVOXsQykM7h9tAyqWVCVoK.jpg'),
(90497, 'Masako Ikeda', 'actor', NULL),
(90519, 'Christopher Curry', 'actor', '/1UUvuuXIFlJ6hKNrLnhu0JU9tiC.jpg'),
(90565, 'Ken Narita', 'actor', '/ddR6gOx5sJPHkYOzomLhs9gFa4B.jpg'),
(90567, 'Tomokazu Seki', 'actor', '/vMsJSXSLqC5XRF5Gn09cznwxzIa.jpg'),
(90568, 'Issei Miyazaki', 'actor', '/vazjb3ByYDRXnPamWrJd6Aahino.jpg'),
(90569, 'Yuuko Minaguchi', 'actor', '/pFppi36nefwHTXzLGLcwKMDjZrn.jpg'),
(90570, 'Atsuko Takahata', 'actor', '/oOm9afBtARBzKsQBnsRzpZF8gE6.jpg'),
(90571, 'Toshihiko Seki', 'actor', '/1lBmZJfFuV1FVxnrJt4kfaO1rJk.jpg'),
(90572, 'Yukana Nogami', 'actor', '/uPiNFa0ktIz4w9hvPYulBWfiIRt.jpg'),
(90633, 'Gal Gadot', 'actor', '/dgBjHEmGAXB5QIE5OiTNOLqORdz.jpg'),
(90658, 'Kristin Bauer van Straten', 'actor', '/8k7M0Y6r28tSQ9ysxeiYS5Q7m1t.jpg'),
(93090, 'Graham Sibley', 'actor', '/eciTx3gZjD3pFTPsZ1buhkUkJtS.jpg'),
(93093, 'Antonio Mayans', 'actor', '/16H65CenJsM0Oqa2hJ7UCA68Xde.jpg'),
(93252, 'Kim Hae-sook', 'actor', '/cgFjS7hpyXNaGrss3H6HyFwCh5v.jpg'),
(93911, 'Terence Davies', 'director', '/4VaF43xOqsy9rqRYwQy1dS88tLl.jpg'),
(94432, 'Adrian Martinez', 'actor', '/zDnnzak4BLb5dNc9taqLNprkRvw.jpg'),
(94550, 'Jim Hutton', 'actor', '/7PPaOvuikdVpgdRhX5dJA3v4Iqi.jpg'),
(95681, 'Jack Mullaney', 'actor', '/9UITGeF7PTV1QosueroBhJWI7Mg.jpg'),
(95686, 'Dylan Sprouse', 'actor', '/5Lq82yt0vnOx6ySYnKL4ZmRYOgx.jpg'),
(96413, 'Thierry Frémont', 'actor', '/c9makGlIHhO0f37LrUqEaQNnWhm.jpg'),
(96635, 'Aaron Neville', 'actor', '/RCXdxBETwe31eW0tneaotorQDh.jpg'),
(96687, 'Cecilia Freire', 'actor', '/rHTuT8ZDJCsCYO8NK69GIVU1qLL.jpg'),
(96691, 'Rodrigo Sorogoyen', 'director', NULL),
(97446, 'James DuMont', 'actor', '/A448koSIESyi91EmOrCJwIC2wDA.jpg'),
(97576, 'Gemma Chan', 'actor', '/4B3BgjSM6GqhAdfvP6AU0x68MbG.jpg'),
(97652, 'José Ramón Larraz', 'actor', NULL),
(97668, 'Montserrat Julió', 'actor', NULL),
(98902, 'Bebe Drake', 'actor', NULL),
(98946, 'Lulu Wilson', 'actor', '/vtoq7kkel0tGTJ0cJXr8Iy46csY.jpg'),
(98953, 'Jerry Ferrara', 'actor', '/sjYRLct4yHiRDQWM0nOvhDr2yAP.jpg'),
(99351, 'Valerie Mahaffey', 'actor', '/xO1RmcHQqagRlc4bUdhAKJJ8jEU.jpg'),
(99573, 'Lone Fleming', 'actor', '/3molSLEBptn1mOAO3J0nIDcd7mH.jpg'),
(100085, 'Paul Kasey', 'actor', '/56f0ouOg2ASKKKZlaywor8E5V3J.jpg'),
(100666, 'José Luis Alemán', 'actor', NULL),
(100816, 'May Heatherly', 'actor', '/bdIK5Wsgi0ePTu1SM13QK5FpuZa.jpg'),
(102221, 'Rubén Ochandiano', 'actor', '/u8GkLSTzfnNHYoWFlKOPZ08cMQd.jpg'),
(102222, 'Carmen Machi', 'actor', '/gPT0nnzZ1M7chwt4zaYIfZJUN34.jpg'),
(102329, 'María Ripoll', 'director', NULL),
(107106, 'Kôen Kondô', 'actor', '/4lp4YuNILdckfSV2uNnv7zmMAZJ.jpg'),
(107354, 'Youssou N''Dour', 'actor', NULL),
(107733, 'Daniel Betts', 'actor', NULL),
(107810, 'Aleks Paunovic', 'actor', '/72uLpwYi2DBSWB2xkJqtIxkWx5p.jpg'),
(109024, 'Purva Bedi', 'actor', '/c1hnJKpSqWSOlSVdSqnIJAGbeYC.jpg'),
(109438, 'Xavier Samuel', 'actor', '/b3r5cPAp91F9yUFVu7yXr8SHfAs.jpg'),
(110421, 'Hanna Mangan Lawrence', 'actor', '/elpw2QyGaQzkPXM3b46Dm80iWXH.jpg'),
(110425, 'Eamon Farren', 'actor', '/v4H0yGZUSHLwOne2NAdGJRHZNRD.jpg'),
(112964, 'Brigid Bazlen', 'actor', '/sf4RFn1SjK482iSbzlQvmTkV4SJ.jpg'),
(112965, 'Ben Astar', 'actor', '/xbbqyADz11MnAh0733sJVBDYNMq.jpg'),
(113235, 'Eric Loren', 'actor', NULL),
(114254, 'Verónica Echegui', 'actor', '/cKOL0nQE9aMDtMJvbloQ4mDZRh.jpg'),
(114460, 'Alexandra Jiménez', 'actor', '/vSgw0or1vJbpkwknUgYYol3jCw2.jpg'),
(114461, 'Carlos Areces', 'actor', '/cFZOFofSWOZUDTprP3xMxfkunFi.jpg'),
(114463, 'Michelle Jenner', 'actor', '/zxaKDcf2lAA6DQiTLngUMouCsxZ.jpg'),
(114957, 'William Reynolds', 'actor', '/sHpTqyyp89pE1iqBg2oJhOGvZlM.jpg'),
(118034, 'Zawe Ashton', 'actor', '/r54xDwMeFgWE2HmTWCNdzT7Cjva.jpg'),
(118489, 'Walt Dohrn', 'director', '/prfTPdP6tEScSTyZgD0S3APiSOU.jpg'),
(120615, 'Tom Ford', 'director', '/yyOaH6eVlraIqQFoNq5zYtswOmK.jpg'),
(120720, 'Stephen Kramer Glickman', 'actor', '/rIVuK4l0LXxFDMzD9v8NptOxjMR.jpg'),
(122702, 'Osvaldo Santoro', 'actor', NULL),
(123664, 'Kim Min-Hee', 'actor', '/uGANIG91lPNOSZ14CRfTugzKwCe.jpg'),
(123846, 'Debby Ryan', 'actor', '/bGLpPeIyYd4HN3QLusrK8l0ZVnZ.jpg'),
(123879, 'Matthew Nable', 'actor', '/yE5MHKIUreuzL5bEgh8NTN8bSYe.jpg'),
(125976, 'Pavel Řezníček', 'actor', '/ziVxMDurbGhBlU5Jon6LOUOuzAk.jpg'),
(126200, 'Robert Morgan', 'actor', NULL),
(126457, 'Tom Bennett', 'actor', '/gdDt9duqFcQV25haO1RYn9wuEGI.jpg'),
(126802, 'Alaa Safi', 'actor', '/8umFHsHqbZoPD4kvcamXJ2Gg9e4.jpg'),
(127558, 'Andrea Riseborough', 'actor', '/zQPFvKnNjmvpTb1SM66SBnOgth4.jpg'),
(129292, 'Katie Hanley', 'actor', '/qg2MlZrYxIVOdHW0Sm8ezAgNcQx.jpg'),
(129868, 'J.D. Evermore', 'actor', '/iNn9JV3Kk7VJ9ICYKdjgwFq8EpF.jpg'),
(129894, 'Gareth Edwards', 'director', '/nUs4hkGgByttwgNYafKlDvGzUsi.jpg'),
(129952, 'Sean McNamara', 'director', '/pKKDKqlqaIN1brq0RGYCEgKEn3P.jpg'),
(130616, 'Ester Carloni', 'actor', '/ay6s70sW7eRHARLYTxmvRDTNpXh.jpg'),
(131664, 'Wayne Blair', 'actor', NULL),
(131820, 'Emma Bell', 'actor', '/h5gQ1jUduNv6SmFFBPADvDie4nY.jpg'),
(132157, 'Ezra Miller', 'actor', '/1tgihUq8F6zPHU9IYyRZ7vI6nme.jpg'),
(132424, 'Kevin McDonald', 'actor', NULL),
(132996, 'María Pujalte', 'actor', '/uUanLn2U1LoaEvQtQd1QaxXZDpd.jpg'),
(134531, 'Anna Gunn', 'actor', '/6yLKtfYFWbJp5HAjvCecQCYlmqk.jpg'),
(136040, 'Michael McKell', 'actor', '/wHhicLI7CvdYwmD4JmrRWvHJqEG.jpg'),
(136774, 'Helene Reingaard Neumann', 'actor', '/7N9Fv4p7odAigrnX7XMpnzgCHkl.jpg'),
(137347, 'Marilyn Tokuda', 'actor', NULL),
(137427, 'Denis Villeneuve', 'director', '/uRzwzBRJVqsFjlrvF53zYJhIJRI.jpg'),
(138336, 'Cho Jin-woong', 'actor', '/lZub9BpnfONDi1epmgNdHfubc9J.jpg'),
(139065, 'Tania Gunadi', 'actor', '/7cSICEw4PFC8dxxkmEoIfTarNjA.jpg'),
(139654, 'Genevieve O''Reilly', 'actor', '/8NrrFxrGng88GU7lxwOyK3PZv05.jpg'),
(140114, 'Marie Avgeropoulos', 'actor', '/uDPZcS41Eu0y7ewXSHtjqXMwwu1.jpg'),
(141762, 'Joe Chrest', 'actor', '/fVaVq1UetdXuWyCHeiLsi0704Qg.jpg'),
(144221, 'Brad Furman', 'director', '/o1NbAcrBHaX8Qsk2AV95TEY0iLR.jpg'),
(149132, 'Jimmy Butler', 'actor', NULL),
(149590, 'Robert Catrini', 'actor', '/cBtEHBZ2ykjqCCIjQeoDQ7MVgsU.jpg'),
(151246, 'Nicole Scherzinger', 'actor', '/aWO7fZN4W7ua4MVoruG0ZeEXur9.jpg'),
(151383, 'John Ducey', 'actor', '/9rTBtg4FpyVmpd7xvYDzWUS8Br4.jpg'),
(157936, 'James Sloyan', 'actor', '/yI68lZzcHllUxZ73v8uug8whzBn.jpg'),
(159300, 'David Kallaway', 'actor', '/ezulXDH212W2KhWqQj6v3Q38ZQl.jpg'),
(159454, 'Peter Breitmayer', 'actor', '/iQeR1xk7vs8r3ZyiGaHSMzznCzF.jpg'),
(160253, 'Lee Benton', 'actor', '/erpwF2UQEYZw9XYSRMMAm1t94oA.jpg'),
(160432, 'Jock Mahoney', 'actor', '/bUGUr4dL6c8TGcu4DlCBpVy8qbR.jpg'),
(162139, 'Fred McCarren', 'actor', '/bYH5VFsbtFfqj22kcxCri9jYA8Q.jpg'),
(162828, 'Cooper Thornton', 'actor', '/A0rZn1YC69t2iRcBmyqbQNeiof2.jpg'),
(166658, 'Katie Couric', 'actor', '/uCBhJtyH4sWSceDGgWf53vuxQM6.jpg'),
(170820, 'Ben Falcone', 'actor', '/6MGVHVSgGRQ4XQFTCKV1k9iAlV5.jpg'),
(172156, 'Patch Darragh', 'actor', '/ozrGFV2Ffv5erGlXvWKRPCNmpu9.jpg'),
(173964, 'Andrew Leeds', 'actor', '/ujxTEhmyGZTneqRqHVNWhxd8nAD.jpg'),
(178148, 'Juliette Marshall', 'actor', NULL),
(180486, 'Gina Rodriguez', 'actor', '/mYn6p8rG8jNbwqRnVOXSKsSNsP4.jpg'),
(188897, 'Jon Hewitt', 'director', NULL),
(193254, 'David Shaughnessy', 'actor', '/9lJkB9mFvAiKIMvV7Zmk72vTnUK.jpg'),
(195666, 'Sharon Duncan-Brewster', 'actor', NULL),
(198150, 'Ike Barinholtz', 'actor', '/aMkElR018PyLdgiXbyIjXbFfbSZ.jpg'),
(199931, 'Kelly Campbell', 'actor', '/lmrDI01Sw3J8vEzlrtNtVwMzFra.jpg'),
(205258, 'Harry Lloyd', 'actor', '/vI6FWizXNa5quCyIiTd06gxNQu1.jpg'),
(205335, 'Max Adler', 'actor', '/oHdEBpOm4GhcNm3nU7lRHQBcQsJ.jpg'),
(206393, 'Miles Richardson', 'actor', NULL),
(206724, 'Justin Edwards', 'actor', '/3RKWxwIQ3OYfmlUcTpyRxQHm9M0.jpg'),
(207250, 'Maribeth Monroe', 'actor', '/tXXFnOhRs405ZXjAPG3LecP772r.jpg'),
(208099, 'Kunal Nayyar', 'actor', '/jhEDXDVWyNNXRJ2uz5NQQE3krKu.jpg'),
(209819, 'Pat Kiely', 'actor', NULL),
(211626, 'Maria Zyrianova', 'actor', '/4EDm7g7hxQt47hqJPcaO6NjXXnB.jpg'),
(216062, 'Amanda Fields', 'actor', '/mzDBsfotS1OHU7Sn3lzC4SHneOs.jpg'),
(216979, 'Stephen Phillips', 'actor', NULL),
(218366, 'Rowan Witt', 'actor', '/kJot5sckPZRFVzkKEEJtaod423s.jpg'),
(220056, 'Franco Vega', 'actor', NULL),
(221217, 'Matthew Timmons', 'actor', NULL),
(224180, 'Viva Bianca', 'actor', '/2lKM4CpbinPQpT11vmLP9LFwEQK.jpg'),
(224874, 'Álvaro Cervantes', 'actor', '/uEyDrAtn2sX3xhZ0NdTg7F649AE.jpg'),
(225017, 'Roberto Álamo', 'actor', '/v6Q86u8PXIsDZzKrHhTODDoUFOI.jpg'),
(225411, 'Mark O''Brien', 'actor', '/v8lJs3d2fBpBzQVAO95lzko544H.jpg'),
(225610, 'Joseph Gilgun', 'actor', '/zTOh3XhMSQ0g7hSDPdPF2Vd5tdv.jpg'),
(225694, 'Oliver Cooper', 'actor', '/1eBIzPMwi7xgOAqGztXByHfqrHc.jpg'),
(225930, 'Bill Garaway', 'actor', NULL),
(225931, 'Kathleen Cleaver', 'actor', NULL),
(226431, 'Nora Navas', 'actor', '/xlAw6bCZaryMotqFgyD2y8e3fdr.jpg'),
(227395, 'Ana Belén', 'actor', '/iDi5ZskzSXdptMUgGmNzQ57xStf.jpg'),
(227439, 'Don Hall', 'director', '/jVevHpWoDaepeNmbNpBYHCktdd5.jpg'),
(228213, 'Michèle Brabo', 'actor', NULL),
(228214, 'Karl Kossmayer', 'actor', NULL),
(228215, 'Pierre Brama', 'actor', NULL),
(228216, 'Pia Colombo', 'actor', NULL),
(228217, 'Johnny Lonn', 'actor', NULL),
(229873, 'Gerardo Olivares', 'director', '/6tifyS4y2RuHuyoTWknIM3TV9vA.jpg'),
(229932, 'Golshifteh Farahani', 'actor', '/wAVqjcTHp3rJb7jvW4MveqNFcJ0.jpg'),
(231173, 'Luis Lucia', 'director', NULL),
(231278, 'Mohamed Fellag', 'actor', '/zcX0rw1Fi0SFw9D6dG3DsakuH1I.jpg'),
(234352, 'Margot Robbie', 'actor', '/wHMKWqIkvJYFntCPHgQlcWYKav9.jpg'),
(236691, 'Luis Marías', 'director', NULL),
(238498, 'Satomi Kobayashi', 'actor', '/hFt0MxUAHaZrPrsgqE7Amsk0OMd.jpg'),
(239398, 'Maurice Baquet', 'actor', NULL),
(273759, 'Duncan Duff', 'actor', '/7ugoNMLaxAgZzEaAt53R7P5GqJK.jpg'),
(291263, 'Jordan Peele', 'actor', '/2ZJgEIgG31efrRO2mUFnXxDi47E.jpg'),
(298410, 'Keegan-Michael Key', 'actor', '/gqPRozx8ppAg2TSjW3ww56LnIZr.jpg'),
(347850, 'Natasha Herbert', 'actor', NULL),
(357551, 'Amy Landecker', 'actor', '/ZDwDDrGYkm3isAqwH10t2i353z.jpg'),
(400612, 'Xavier de Guillebon', 'actor', '/8o5p6XIGaXZXAFdGBcJVlXhMKAv.jpg'),
(443770, 'John Alexander', 'actor', '/5tcxoXCC4hh12OowR1kITzkrCmC.jpg'),
(503103, 'Vanessa Bayer', 'actor', '/16lV4eHdbUEOD2iHbdDn2XTCcuE.jpg'),
(520367, 'Hazem Shammas', 'actor', NULL),
(526727, 'Freya Tingley', 'actor', '/nPhECps8X5SsFyNitQpByxaYNEp.jpg'),
(527393, 'Dylan O''Brien', 'actor', '/6u7aDtMnAGaRjOGWgjMIrNNr0rp.jpg'),
(531772, 'Lee Asquith-Coe', 'actor', '/bnmw4wXIo7Tb7NWN8jcMiSPTbxK.jpg'),
(538228, 'Jacques Dufilho', 'actor', '/6Bue07PWzY2Db0njpEdDfI7yTTD.jpg'),
(550280, 'Anna Muylaert', 'director', '/Vgpjtv4lFXYdjztT08SpHvLICe.jpg'),
(551463, 'Mike Flanagan', 'director', '/tKZNHwieLMbh03XPA8unuG8Tw3i.jpg'),
(555350, 'Tohru Furusawa', 'actor', NULL),
(556356, 'Vanessa Kirby', 'actor', '/9itJW9EjTS4tXHa02LusOgX8vdN.jpg'),
(556446, 'Elizabeth Moynihan', 'actor', NULL),
(557134, 'Ousmane Sembene', 'director', NULL),
(557743, 'Lee Yong-nyeo', 'actor', NULL),
(560254, 'Jordi Sánchez', 'actor', '/1kjxZ44I4qa8WH3wxJ2LR5lzQE7.jpg'),
(560275, 'María Adánez', 'actor', '/VTkzTsdrhd0ZsIMLUdUxuV5SD8.jpg'),
(565501, 'Teri Wyble', 'actor', '/4peyoUZx7wqQpLCII4Kcb5VmaaV.jpg'),
(566101, 'Agata Kulesza', 'actor', '/vZnsas1ZRUmtwPcmbg4ElEtL5jb.jpg'),
(567131, 'Celines Toribio', 'actor', '/6R5glZoV8t7DRfsizIjADEgXh1O.jpg'),
(569865, 'Joshua Payne', 'actor', NULL),
(571115, 'Jordan Fielding', 'actor', NULL),
(571116, 'Burnetta Hampson', 'actor', NULL),
(571117, 'Rebecca Irwin', 'actor', NULL),
(571118, 'Simonne Kranz', 'actor', NULL),
(571119, 'Darren Moss', 'actor', NULL),
(571120, 'Billie Rose Pritchard', 'actor', NULL),
(571121, 'Toby Zoates', 'actor', NULL),
(571895, 'Katelyn Pacitto', 'actor', NULL),
(578014, 'Patrick Criado', 'actor', '/y1AWGUtRGnar3RaLHbxPtIaaVzD.jpg'),
(579064, 'Christopher Nicholas Smith', 'actor', '/aDwUSHWkDZSUE1kxswfbcsE95YU.jpg'),
(583815, 'Valene Kane', 'actor', '/7TcV6HqGXjf28yjuSU42Z5XZRYb.jpg'),
(584191, 'Gastón Duprat', 'director', NULL),
(584193, 'Mariano Cohn', 'director', NULL),
(585725, 'Carlos Hipólito', 'actor', '/jd5ThdhKv3ifgDHRKXLue3YkkRh.jpg'),
(586309, 'Douta Seck', 'actor', NULL),
(588175, 'Lars Ranthe', 'actor', '/qMbcmZDykjm0K1spNjzv5HDoL9f.jpg'),
(592147, 'Yoko Maki', 'actor', '/i7ftZi8zm8mZcydTW0qU5fMGTJQ.jpg'),
(724188, 'Bárbara Lennie', 'actor', '/gPrMindirpIXTP38sBQgpQ9W9PT.jpg'),
(839684, 'Andrés Castañeda', 'actor', NULL),
(908548, 'Joanna Kulig', 'actor', '/cHEhGQ7XyxGeInAupSvESNJpUEv.jpg'),
(928981, 'Rodrigo Vélez', 'actor', NULL),
(929905, 'Kara Hayward', 'actor', '/zTrPq9HY90EdllC7VspXzkqILHC.jpg'),
(929906, 'Jared Gilman', 'actor', '/udQlOjyaIfIJ4xDjcUrIkI8uRko.jpg'),
(929933, 'Nelson Camayo', 'actor', NULL),
(930809, 'Steve Gadler', 'actor', NULL),
(932076, 'Kate Siegel', 'actor', '/ixMwhqfXwqLp5mjdGJ0KY7QMMPH.jpg'),
(933011, 'Marat Descartes', 'actor', '/qsDOLEhfZnAS2HjTaj4XrKDLhyc.jpg'),
(937222, 'Russell Balogh', 'actor', '/yCfE3Pf1npGB15Rw8GHt4nvgK6p.jpg'),
(939099, 'Lou de Laâge', 'actor', '/8cuq8IrxvsKXnYgbHBXft1W86KX.jpg'),
(942128, 'Patxi Bisquert', 'actor', NULL),
(946953, 'Frank Harts', 'actor', '/bqqW5X2urXQSyeP3O63qd3ZDYwI.jpg'),
(969242, 'Andrés Calderón', 'actor', NULL),
(972356, 'Luke Bracey', 'actor', '/cfUv5lXfWVlbQeRaD8XZ0WDxqF9.jpg'),
(974519, 'Tito Valverde', 'actor', '/zma4mgNqACEN0So3BBGZRSqI3FH.jpg'),
(987581, 'Manane Rodríguez', 'director', NULL),
(992623, 'Vincent Macaigne', 'actor', '/2dewTWT3S01DEiNNF3Aj2Qz6imk.jpg'),
(993233, 'John Cutler', 'actor', NULL),
(997860, 'Tim Bentinck', 'actor', '/5ivB3NASupoKcc4RShs8E3PIPP3.jpg'),
(997940, 'Patrick Burns', 'director', NULL),
(998225, 'Alison Sudol', 'actor', '/w0ixLYjKN5I171bQ3XSsgW3Lte3.jpg'),
(1001073, 'Jean-Christophe Lie', 'director', NULL),
(1001075, 'Max Renaudin', 'actor', '/pbFDtf8nzosaeeoHoIQXx1xYtdF.jpg'),
(1001076, 'Mostéfa Stiti', 'actor', NULL),
(1004817, 'Helena Sujecka', 'actor', NULL),
(1019690, 'Ignacio Vilar', 'director', NULL),
(1020808, 'Bruno Bergonzini', 'actor', NULL),
(1021684, 'Charlotte Le Bon', 'actor', '/fU1Ps15cUStWFq770NHALn6pgij.jpg'),
(1023139, 'Adam Driver', 'actor', '/3F0dHgLoSOQT81z6KBzLBJmTSiF.jpg'),
(1023458, 'Wayne Bastrup', 'actor', '/ejTa81V0ZSWdXHLpGJ43JG65T4q.jpg'),
(1024722, 'Annalise Basso', 'actor', '/bPkTL5SUausne8nhmfC2AH37Fsa.jpg'),
(1036288, 'Abbey Lee', 'actor', '/rIrGy9FEAhx4GWwMSHOemWvEPKX.jpg'),
(1042765, 'Arturo Valls', 'actor', '/rKpK4syu9k9eAYHaToI72xy6mis.jpg'),
(1042791, 'Monti Castiñeiras', 'actor', '/j6BIa6Z5IIyNYvW9shBwUdA10Or.jpg'),
(1050798, 'Michiyo Ohkusu', 'actor', NULL),
(1050908, 'Carlos Santos', 'actor', '/yXqwzFfQSzXJxgxVVOTRoGkCOkQ.jpg'),
(1052174, 'Helena Albergaria', 'actor', '/2kxePU3EPkSQuscLFyKRFKHMCTe.jpg'),
(1052255, 'Charlotte Hope', 'actor', '/msYsYKt9xpQA3Ng3t1kBFROk2Yo.jpg'),
(1055230, 'Raffey Cassidy', 'actor', '/2k7gMSOAoUS1I90bTRZa89IlBem.jpg'),
(1055235, 'Quvenzhané Wallis', 'actor', '/khaGuAENEdm1gnfszBJjyGuN0jl.jpg'),
(1062000, 'Nausicaa Bonnín', 'actor', '/qtNsWrXxIgfPHzDb49luTE3jugg.jpg'),
(1063319, 'Álex García', 'actor', '/m8fX2OKurWOxPeDFBhBDpjVKzvV.jpg'),
(1070721, 'Zara Phythian', 'actor', '/bwpsc3yU11RdnBYnobg3Tp2beTP.jpg'),
(1073957, 'Sonia Méndez', 'actor', NULL),
(1074518, 'Tamara Canosa', 'actor', NULL),
(1074524, 'Marta Lado', 'actor', NULL),
(1075029, 'Antonio Pagudo', 'actor', '/xL1S4e9TyONQ8qhvilFFnA5IDp7.jpg'),
(1076454, 'Freddie Stewart', 'actor', NULL),
(1077146, 'Joaquín Furriel', 'actor', '/jkf9oSPsIIP8mE9VUHqB9w6qFZX.jpg'),
(1079137, 'Anton Blake', 'actor', NULL),
(1091128, 'Macarena García', 'actor', '/bcmB2DwGeLi7r4KDW0sorGNv2VB.jpg'),
(1093279, 'Selu Nieto', 'actor', NULL),
(1098107, 'Wayne Thornley', 'director', NULL),
(1098113, 'Lee Duru', 'actor', NULL),
(1098117, 'Zolani Mahola', 'actor', '/oSBuM8WwfdF8qAxlG6ba2hpOmQ7.jpg'),
(1099770, 'Philippe Hartmann', 'actor', '/wTuY9s0k7sULNdAFpWhe5U0knI0.jpg'),
(1105441, 'India Salvor Menuez', 'actor', '/7ojHgE5rk6D7CFAcVq2E3lpnttS.jpg'),
(1108809, 'Sophie Karl', 'actor', NULL),
(1109702, 'Karan Soni', 'actor', '/hNHZe0L4mpWxMmloPJ6ju7P6Ylf.jpg'),
(1113157, 'Adrian Titieni', 'actor', '/iY2z1b1UeOZZp0aoNCiscr9gfjb.jpg'),
(1114072, 'Ana Rodríguez Rosell', 'director', NULL),
(1120448, 'Anna Próchniak', 'actor', '/8kEJfZ2wWewXkwpB3bCd78cRF29.jpg'),
(1121031, 'Andrés Velencoso', 'actor', '/dxaEMvAZjd5v54639Br70TSLtN7.jpg'),
(1125195, 'José Artur', 'actor', '/jpO71YcmFPipUYR7sEn6xZik72Q.jpg'),
(1130451, 'Kenner G. Kemp', 'actor', NULL),
(1130613, 'Eva Simonet', 'actor', NULL),
(1143886, 'Carmen Ruiz', 'actor', '/nVBloQCBOuQC1PJlz6q4cSIJHBU.jpg'),
(1144403, 'José Álvarez', 'actor', NULL),
(1144724, 'Carson Nicely', 'actor', '/eJbsU3wPLcFVHhbz66EkGlR0z4V.jpg'),
(1149067, 'David Verdaguer', 'actor', '/18Kb9Jt9JVsmdWOHUTuXTVMept2.jpg'),
(1149880, 'Lucie Pohl', 'actor', '/jtkaxs0qYZnE8XjR3maQYiYYWo0.jpg'),
(1152373, 'Ángel Agudo', 'actor', NULL),
(1152635, 'Marcel Barrena', 'director', NULL),
(1154564, 'Jennifer Lim', 'actor', '/2sxWwQIbR9dyYzYlI95gaZFT0jK.jpg'),
(1155473, 'Emma Greenwell', 'actor', '/uZL0BDTqHCTHN8Xb1W1Up825zrT.jpg'),
(1159993, 'Manuel Vicente', 'actor', NULL),
(1167068, 'Andreea Paduraru', 'actor', '/6wkJL230v2MbCy6kyXaAnZ1DlKs.jpg'),
(1168093, 'Klara Bielawka', 'actor', '/4nrYbUxp1sUGTgMOWSF0XvI14hf.jpg'),
(1168415, 'Jean-Pierre Miquel', 'actor', NULL),
(1168983, 'Juan Manuel Chumilla-Carbajosa', 'director', NULL),
(1170656, 'Christine Marzano', 'actor', '/kyPcf8uN1BC6bYNXh1NLK71QNWl.jpg'),
(1176200, 'David Aldana', 'actor', NULL),
(1179651, 'Lin-Manuel Miranda', 'actor', '/bbcQoeHiIe3BXwoqI23OkTRrfxb.jpg'),
(1180099, 'Da''Vine Joy Randolph', 'actor', '/xyKXymkY7slHcK9ypbaHJASYPG.jpg'),
(1181214, 'Belén Chavanne', 'actor', NULL),
(1182598, 'Hayley Squires', 'actor', '/pSp0Jrgbm2aymD6A3fDwqw5z5o3.jpg'),
(1183672, 'Fortune Feimster', 'actor', '/djTznHfKq6uxx7TDeSrPx3AFkMu.jpg'),
(1186226, 'Sid Ahmed Agoumi', 'actor', NULL),
(1186840, 'Sterling Jerins', 'actor', '/Yfls1AkMHuf1uS2D39bRqwrFdx.jpg'),
(1193379, 'Philippe Monnier', 'director', NULL),
(1194331, 'Alberto Rodríguez', 'director', NULL),
(1195027, 'Natalia Dicenta', 'actor', NULL),
(1195187, 'Víctor Matellano', 'director', NULL),
(1195190, 'Manuel M. Velasco', 'actor', NULL),
(1198146, 'Marcelo Caetano', 'director', NULL),
(1200619, 'Makhouredia Gueye', 'actor', NULL),
(1200621, 'Mustapha Ture', 'actor', NULL),
(1200639, 'Myriam Niang', 'actor', NULL),
(1204379, 'Kevin Guthrie', 'actor', '/cJgSv0hcv67GSTjvr1LTdRc0L7h.jpg'),
(1208059, 'Humberto Sempere', 'actor', NULL),
(1208240, 'Iván Steinhardt', 'actor', '/pnmlELB3x2tnUX5qNeN5miN465L.jpg'),
(1211856, 'Michael Grandage', 'director', NULL),
(1213279, 'Ryan Corr', 'actor', '/nsWerouKbxYTkjMcGOss7Zb9HoI.jpg'),
(1213640, 'Stephen Stanton', 'actor', NULL),
(1214513, 'Jimmy Vee', 'actor', NULL),
(1218918, 'Gina Chiarelli', 'actor', NULL),
(1218926, 'Colin Cunningham', 'actor', '/3EW9uprWwgzJy2jIcN0QFzKbVFX.jpg'),
(1220923, 'Dimitra Arliss', 'actor', '/DlT0DvQ2pe1O0i2iQHBsnsL8GX.jpg'),
(1221445, 'Ben Moor', 'actor', NULL),
(1221841, 'Simon Scott', 'actor', '/3GGYmButGIgCpKUrECRL4OyhuD7.jpg'),
(1223163, 'Patrick Heusinger', 'actor', '/p63zyQsr6PcT8m0htg5YjJofK1V.jpg'),
(1223718, 'Rizwan Manji', 'actor', '/yB9w540vNe4pwa3ptvO1haDUKWy.jpg'),
(1226302, 'Jillian Bell', 'actor', '/kcMhnv8e1RVInN14D0UMGEaUT5a.jpg'),
(1230632, 'John Cannon', 'actor', NULL),
(1233264, 'Nick Kellington', 'actor', NULL),
(1240156, 'Katie Crown', 'actor', '/uOTaq1Wi0zvVsYjxPBzeqaYkYZy.jpg'),
(1240487, 'Kate McKinnon', 'actor', '/jzgiKHmkhxhvELnq9ccDkFc8Ynn.jpg'),
(1240966, 'Ricardo Gómez', 'actor', '/rLgeL5u36cxcak8nfcMkXwI0Xf9.jpg'),
(1241521, 'Catherine Bailey', 'actor', '/6oRybXUfqG40E0P6K1uDKKW7no.jpg'),
(1243489, 'Sharon Percy', 'actor', '/m2zG79bJWUPRMDde3PpA0egMcE6.jpg'),
(1247562, 'Katarzyna Dąbrowska', 'actor', '/w44olIvKkGeOqr0xj0G0FQRtkXs.jpg'),
(1254583, 'Jamie Dornan', 'actor', '/pbRrgYGtIFPp2WTU9Mj8lyNhjMB.jpg'),
(1255817, 'Glozell Green', 'actor', NULL);
INSERT INTO `characters` (`id`, `name`, `department`, `photo`) VALUES
(1259903, 'Julie Agnete Vang', 'actor', '/mkvh2bKQqwG0J0s5JvaVyzKwNJ5.jpg'),
(1260038, 'Ron Funches', 'actor', '/iUXUGgPUoiWtxJZTfFwgYvyO4gQ.jpg'),
(1260062, 'Karel Heřmánek ml.', 'actor', '/aI9m7dy1aVHsSwC49QZAI5By0Qw.jpg'),
(1261092, 'Akin Gazi', 'actor', '/nCSIiFVWWSkON9b5zmrC4RvwmWI.jpg'),
(1264237, 'Duncan Pow', 'actor', '/vJOzoMzxszyZGnySfql3KY9zR78.jpg'),
(1264641, 'Evie Wray', 'actor', NULL),
(1268728, 'Amanda Lund', 'actor', '/eqAbvmmk4kSS5hlfltImRBp73bK.jpg'),
(1271600, 'Dani Rovira', 'actor', '/aXoao0AymeLgRe81Nc9Lsu3LUcl.jpg'),
(1276910, 'David Bonneville', 'actor', NULL),
(1278780, 'Edd Osmond', 'actor', NULL),
(1281195, 'Paul Longley', 'actor', NULL),
(1286897, 'Lori Jean Wilson', 'actor', NULL),
(1296930, 'Ruth Chiang', 'actor', NULL),
(1298790, 'Jeremy Sande', 'actor', '/idUfA49X6bCUArYA6BEQBRRxAFn.jpg'),
(1299108, 'Jo-El Sonnier', 'actor', NULL),
(1299109, 'Blaise Delacroix', 'actor', NULL),
(1299110, 'Thomas Iain', 'actor', NULL),
(1299111, 'Becky Allen', 'actor', NULL),
(1299112, 'Karen Ayme', 'actor', NULL),
(1299113, 'Tiffany McGuinnes', 'actor', NULL),
(1299114, 'Danny Landos', 'actor', NULL),
(1299115, 'Louis Barrosso', 'actor', NULL),
(1299119, 'Kellye Serret', 'director', NULL),
(1307751, 'Chris Jackson', 'actor', '/iczG0WVwwifbOTY5JWvBVz9DVaj.jpg'),
(1311716, 'Jan Hájek', 'actor', NULL),
(1313389, 'Jason R. Goode', 'director', NULL),
(1318654, 'Renn Woods', 'actor', NULL),
(1318655, 'Lynn Latham', 'actor', NULL),
(1318656, 'Melinda Phelps', 'actor', NULL),
(1318657, 'Cherise Bates', 'actor', NULL),
(1318658, 'Yvette Van Voorhees', 'actor', NULL),
(1318659, 'Teri Beckerman', 'actor', NULL),
(1318660, 'Marty Davis', 'actor', NULL),
(1318907, 'Blake Jones', 'actor', NULL),
(1319899, 'Olivia Fahy', 'actor', NULL),
(1320724, 'Margarita Musto', 'actor', NULL),
(1321628, 'Morfydd Clark', 'actor', NULL),
(1322312, 'Jorge Leon Martinez', 'actor', '/nWYveATaySCXosWAjcSS8VNPRe7.jpg'),
(1325173, 'Mamadou Sarr', 'actor', NULL),
(1327175, 'David Maldonado', 'actor', '/2AECSd786VrroYxwoLOZyN12XsU.jpg'),
(1327613, 'Karl Glusman', 'actor', '/uN9lAZE3u6M617dLwMeJVi9Oi5x.jpg'),
(1329441, 'Marco Gómez', 'actor', NULL),
(1331402, 'Thierno Leye', 'actor', NULL),
(1331403, 'Seune Samb', 'actor', NULL),
(1331404, 'Fatim Diagne', 'actor', NULL),
(1331405, 'Younouss Seye', 'actor', NULL),
(1341279, 'Adel Adham', 'actor', NULL),
(1342691, 'Carlos Aguilar', 'actor', NULL),
(1345718, 'Jason Blumenfeld', 'director', NULL),
(1346878, 'Nuria Fló', 'actor', NULL),
(1347244, 'Abdoulaye Seck', 'actor', NULL),
(1347783, 'Ernesto Chao', 'actor', '/xDRl42294lzZ4zok3qBEJlOUU30.jpg'),
(1347933, 'Danny Acevedo', 'actor', NULL),
(1348474, 'Camille Cottin', 'actor', '/zgiFZTW44dQxBl0pekbAf4J3Vm7.jpg'),
(1349338, 'Mustafa Haidari', 'actor', NULL),
(1349600, 'Troy Polamalu', 'actor', '/51rD9ZZYyXNmk7xiotiVBqhBHqS.jpg'),
(1354984, 'Piper Major', 'actor', '/17X1kOhQ4KFYrxbD1xit8Xp4g6C.jpg'),
(1355475, 'Michael Joseph Donlan', 'actor', NULL),
(1356080, 'Luciana Paes', 'actor', NULL),
(1357375, 'René Guerra', 'actor', NULL),
(1358965, 'Fred Galle', 'actor', NULL),
(1360088, 'Anton Starkman', 'actor', NULL),
(1361363, 'Jennifer Mendoza', 'actor', NULL),
(1363049, 'Lasco Atkins', 'actor', '/ollrIPt4sG3vr9dQ8tNkN1JCtMJ.jpg'),
(1366175, 'Simone Milsdochter', 'actor', NULL),
(1367847, 'Austin Hébert', 'actor', NULL),
(1371050, 'Jordan Stephens', 'actor', '/oCQl5rkRExrDhGXNPeSxsmC5wvk.jpg'),
(1371237, 'Henry Frost', 'actor', '/5saUX30a7X6bVrkbck4ZVOIag1H.jpg'),
(1372694, 'Umit Ulgen', 'actor', '/A8vFCrJo6jiFBrLTUoPyDivGVuW.jpg'),
(1376425, 'Chloe Wepper', 'actor', '/qIV8rrLwxbNQKKUoROKI5IieJCa.jpg'),
(1377911, 'Jon Plazaola', 'actor', '/wTVmo3pmBUfGIbN55mUdpPI6YmJ.jpg'),
(1378662, 'Grant Roberts', 'actor', '/bADsqOjiv40iK98myH7w0Qz64qZ.jpg'),
(1379275, 'Hannah Flynn', 'actor', '/aOq3KgCj88loEN4mI0GJvf1s06c.jpg'),
(1383081, 'María Cruickshank', 'actor', NULL),
(1385097, 'Sean Cronin', 'actor', '/vgfDZpKhl1Dr7S3qMPIl6ra0hKG.jpg'),
(1389548, 'Anna Worley', 'director', NULL),
(1389916, 'Nathaly Thibault', 'actor', '/4JBaT9iTkrzX0ThwlJ3a4hTbIBA.jpg'),
(1392128, 'Janet Song', 'actor', '/5Hvq7tgsDfuqMoJCFWiaTE3D2jG.jpg'),
(1394235, 'Ben O''Toole', 'actor', NULL),
(1394384, 'Gino Picciano', 'actor', '/kRQtw7B08M52s990mFOqkRoYGcE.jpg'),
(1396383, 'Héctor Cantolla', 'actor', NULL),
(1396600, 'Anick Wiget', 'actor', '/r4vknP06DNZIEZQpqOZ1UsPZujY.jpg'),
(1403650, 'Joelle Koissi', 'actor', NULL),
(1407608, 'Samuel González', 'actor', NULL),
(1409307, 'Caroline O''Reilly', 'director', NULL),
(1410478, 'William Jackson Harper', 'actor', '/tUSHPEU89krr1swYvbr6pyrdl1h.jpg'),
(1412126, 'Heather Storr', 'director', NULL),
(1413918, 'Salva Reina', 'actor', '/pJxHxD8BhSzK8S7vUwkBO56SaoQ.jpg'),
(1414532, 'Scott Peterson', 'director', NULL),
(1418580, 'Lee Dong-Hwi', 'actor', '/bk1cF9ZNXSpKqve6LzFCKvtF55y.jpg'),
(1423088, 'Leo Harlem', 'actor', '/19hYlkLmstybzI65u6fGuROHELk.jpg'),
(1423493, 'Belén Cuesta', 'actor', '/rnTDBFbUkiFrS7LVOhZARqmqMHD.jpg'),
(1428896, 'Miguel Herrán', 'actor', '/AsPPORDjVlV0OBKApzoqE6VYf3C.jpg'),
(1428995, 'Sean Mahon', 'actor', '/AnkgAtQEklgpIWYeGyczSBtqyDO.jpg'),
(1429453, 'Sam Richardson', 'actor', '/qTI1upMSsDTvPGlF5iA85RzZkgP.jpg'),
(1432377, 'Michele Dunn', 'actor', NULL),
(1434017, 'Matthew Sim', 'actor', NULL),
(1434225, 'Susan Malerstein', 'director', NULL),
(1438708, 'Magnus Millang', 'actor', '/8sZHPrDCajwZ7jq0e1tAimlTthA.jpg'),
(1438709, 'Martha Sofie Wallstrøm Hansen', 'actor', NULL),
(1438710, 'Anne Gry Henningsen', 'actor', '/kM2j6OwTryks0wEgPqil5GjEmvP.jpg'),
(1438711, 'Sebastian Grønnegaard Milbrat', 'actor', NULL),
(1441760, 'Emilio Palacios', 'actor', NULL),
(1441997, 'Justina Bustos', 'actor', '/isy3MZO3FjOHKFA2JAD8mVzy0e8.jpg'),
(1442192, 'Vito Sanz', 'actor', NULL),
(1442251, 'Linda Daae', 'director', NULL),
(1443416, 'Ghaouti Bendedouche', 'director', NULL),
(1447195, 'Eliza Rycembel', 'actor', '/2meupFfwJctDwimvEw7r6ABq3dN.jpg'),
(1447483, 'Rick Moore', 'director', NULL),
(1447857, 'Tonia Marie Rosée', 'actor', '/vXUYmnBZJ8NiCtiG3XQZeB60Up6.jpg'),
(1448206, 'Tony Paul West', 'actor', NULL),
(1451618, 'Anthony J. Sacco', 'actor', '/nRUNvLCfe43Rs1OEd4GoztuxxED.jpg'),
(1454291, 'Tomasz Dabrowski', 'actor', '/4Dxr1CZEocPssXznLmu0NRxQ9x6.jpg'),
(1455201, 'David Hernández', 'actor', NULL),
(1455959, 'Andrea Trepat', 'actor', '/xpJ3gFu1dJ4n7a50GYfpScuntiy.jpg'),
(1455969, 'Goizalde Núñez', 'actor', '/jXhmvbAYuha9oU92NAUQI7N5E4B.jpg'),
(1456341, 'Parker Mack', 'actor', '/b8du2si1K5rvJRUAfmgJ24G0xNF.jpg'),
(1457004, 'Oscar Martínez', 'actor', NULL),
(1457224, 'Doris McCarthy', 'actor', '/g0bhIkFDmO23w9xlHh4nxqPAdlO.jpg'),
(1457441, 'Gustavo Moyano', 'director', NULL),
(1459830, 'Erick Chavarria', 'actor', '/y0JhjwRIqGkkP9fDWS6FKjpJh89.jpg'),
(1460933, 'Lynn Marocola', 'actor', NULL),
(1462484, 'Bryn Jones', 'actor', NULL),
(1465325, 'Jona Xiao', 'actor', '/4F9AvSiUgeAqRmvAHaEKzNIlSHq.jpg'),
(1466613, 'Danika Yarosh', 'actor', '/z3KZxKBOOSDhnHxiZiDl3WWkECD.jpg'),
(1467585, 'Lochlann O''Mearáin', 'actor', '/wNjD7Zf0mJVwH3Qs7E8fi379aFW.jpg'),
(1471306, 'Laurette Dobson', 'director', NULL),
(1473140, 'Brian McCarthy', 'actor', '/teuFDDRkqPzmT9hCuqXhlQhf5D1.jpg'),
(1473194, 'Vince Lombardi', 'actor', NULL),
(1473973, 'Salvador Calvo', 'director', NULL),
(1473990, 'Ami Metcalf', 'actor', NULL),
(1474032, 'Turlough Convery', 'actor', '/5EF21KfbemNjAnLjCCYhCJWr8qy.jpg'),
(1476891, 'Jorge Forero', 'director', NULL),
(1476892, 'Anana Rydvald', 'actor', NULL),
(1479957, 'Josh Cowdery', 'actor', '/mV5d7ZshhMMhiFcq5i02quGNxA4.jpg'),
(1480047, 'Pat Kiernan', 'actor', '/vgUYqODOvMlsM7lgyeNDCGboH4v.jpg'),
(1483257, 'Nathaniel Buzolic', 'actor', '/4bxLXOugdUjzWPizheY3vSvwZ8Y.jpg'),
(1486530, 'Solomon Taiwo Justified', 'actor', NULL),
(1493882, 'Lynne Ashe', 'actor', NULL),
(1495084, 'Jason Newell', 'actor', NULL),
(1501775, 'Dorota Kuduk', 'actor', NULL),
(1502462, 'Harry Attwell', 'actor', NULL),
(1502654, 'Rares Andrici', 'actor', NULL),
(1503851, 'Kyle Julian Graham', 'actor', NULL),
(1505505, 'Alexis G. Zall', 'actor', NULL),
(1508785, 'Ellie Bamber', 'actor', '/jXwceG7qjR9zCDvLjKESw82XmzL.jpg'),
(1510769, 'Harry Greenwood', 'actor', NULL),
(1512790, 'Meg DeAngelis', 'actor', NULL),
(1514130, 'Mac Pietowski', 'actor', NULL),
(1514178, 'Sally Messham', 'actor', NULL),
(1519868, 'Donald Sparks', 'director', NULL),
(1521685, 'Alfredo Torres', 'actor', NULL),
(1521872, 'Justin Michael Woods', 'actor', NULL),
(1521873, 'Marc Chouen', 'actor', NULL),
(1521874, 'Laura Lundy Wheale', 'actor', NULL),
(1521875, 'Kamron Leal', 'actor', NULL),
(1521876, 'Shaun Rey', 'actor', NULL),
(1521878, 'Tommy McInnis', 'actor', NULL),
(1521879, 'Kelly L. Moran', 'actor', NULL),
(1522166, 'Julia Scarlett Dan', 'actor', '/uf3lIExRSX8k2GlmhAGIE2JLtpX.jpg'),
(1523921, 'Lewis MacDougall', 'actor', '/zoL2HijrWvmrVoym1U2KGl0Dboq.jpg'),
(1527822, 'Jorge Asín', 'actor', NULL),
(1528127, 'Ricky Dillon', 'actor', NULL),
(1535444, 'Conor Lambert', 'actor', NULL),
(1536979, 'Joanna Bacon', 'actor', NULL),
(1536980, 'Benjamin Wainwright', 'actor', NULL),
(1537066, 'Rose Williams', 'actor', '/nWTydHMBQVyhLPlipiV6Usus1ZV.jpg'),
(1537067, 'Noémie Schellens', 'actor', NULL),
(1537068, 'Stefan Menaul', 'actor', NULL),
(1537069, 'Maurice Cassiers', 'actor', NULL),
(1537070, 'Sara Vertongen', 'actor', NULL),
(1537071, 'Barney Glover', 'actor', NULL),
(1537072, 'Yasmin Dewilde', 'actor', NULL),
(1537073, 'Marieke Bresseleers', 'actor', '/imr0oOAdc6mKWiSYYyhxD3aPaHm.jpg'),
(1537074, 'Verona Verbakel', 'actor', NULL),
(1537075, 'Brandon Tabassi', 'actor', NULL),
(1537076, 'Loïs van Wijk', 'actor', NULL),
(1537768, 'Kim Tae-Ri', 'actor', '/50tRTQfItTG5H8QSDNcJQl6a9Yd.jpg'),
(1540241, 'Karen Belfo', 'actor', NULL),
(1548738, 'Bineyam Girma', 'actor', '/5WLTImYnKltRX0zN33tecQhOrdl.jpg'),
(1554307, 'Ioachim Ciobanu', 'actor', NULL),
(1554383, 'Dave Johns', 'actor', '/8mzPyY6akdJLIyAsDShZxiOMvqh.jpg'),
(1555943, 'Attila G. Kerekes', 'actor', NULL),
(1555970, 'Paola Andrea Pérez Nieto', 'actor', NULL),
(1555971, 'María Juliana Casadiego', 'director', NULL),
(1555989, 'Juan Daniel Ruiz', 'actor', NULL),
(1555992, 'Miguel Antonio Zanguña', 'actor', NULL),
(1555994, 'Alexander Montoya', 'actor', NULL),
(1555995, 'Héctor Vaquiro', 'actor', NULL),
(1556007, 'Cristian Rubiano', 'actor', NULL),
(1556008, 'Edwin León', 'actor', NULL),
(1556009, 'Erika Méndez', 'actor', NULL),
(1556010, 'Lorena Macías', 'actor', NULL),
(1556011, 'Ella Becerra', 'actor', NULL),
(1556012, 'Andrea Peñuela', 'actor', NULL),
(1556013, 'Jorge E. Forero C.', 'actor', NULL),
(1556014, 'Nicolás Rodríguez', 'actor', NULL),
(1556015, 'Weimar Delgado', 'actor', NULL),
(1556016, 'Ana Galindo', 'actor', NULL),
(1556017, 'Anderson Miranda', 'actor', NULL),
(1556018, 'Cristian Pantoja', 'actor', NULL),
(1556019, 'Daniel Guerra', 'actor', NULL),
(1556020, 'Daniel Martínez', 'actor', NULL),
(1556021, 'Diego Ñungo', 'actor', NULL),
(1556022, 'Edwin Arango', 'actor', NULL),
(1556023, 'Jackson Moreno', 'actor', NULL),
(1556024, 'Jaiber Sánchez', 'actor', NULL),
(1556025, 'Jairo Montenegro', 'actor', NULL),
(1556026, 'Jeffry Steven Morales', 'actor', NULL),
(1556027, 'Jeisson Amortegui', 'actor', NULL),
(1556028, 'Jhon Moyano', 'actor', NULL),
(1556029, 'Johan Rojas', 'actor', NULL),
(1556030, 'Jonathan Grass', 'actor', NULL),
(1556031, 'Jorge Martínez', 'actor', NULL),
(1556032, 'Jorge Ñungo', 'actor', NULL),
(1556033, 'José Guillermo Lozano', 'actor', NULL),
(1556034, 'Juan Lozano', 'actor', NULL),
(1556035, 'Keidis Gutiérrez', 'actor', NULL),
(1556036, 'Luz Mariana Mosquera', 'actor', NULL),
(1556037, 'María Angélica Barbosa', 'actor', NULL),
(1556038, 'Nelson Urrego', 'actor', NULL),
(1556039, 'Roamir Polo', 'actor', NULL),
(1556040, 'Roberto Roldán', 'actor', NULL),
(1556041, 'Sergio Guativonza', 'actor', NULL),
(1556042, 'Sergio Salas', 'actor', NULL),
(1556043, 'Silvida Gutiérrez', 'actor', NULL),
(1556044, 'Steven Cubillos', 'actor', NULL),
(1556045, 'Winder Bustos', 'actor', NULL),
(1556046, 'Ximena Molina', 'actor', NULL),
(1556047, 'Yessica Nivia Preciado', 'actor', NULL),
(1556048, 'Pedro Bustamante', 'actor', NULL),
(1556049, 'Einer Cortés', 'actor', NULL),
(1556050, 'Cristian Páez', 'actor', NULL),
(1556051, 'Hada Luz Ángel', 'actor', NULL),
(1556052, 'Laura Ávila', 'actor', NULL),
(1556053, 'Myriam Ortegón', 'actor', NULL),
(1556054, 'Ana Silvia Torres', 'actor', NULL),
(1556055, 'Ana Milena Useche', 'actor', NULL),
(1556056, 'Rafael Rodríguez', 'actor', NULL),
(1556057, 'Uriel Arcos', 'actor', NULL),
(1556058, 'Laura Cruz', 'actor', NULL),
(1556059, 'Alberto Hernández', 'actor', NULL),
(1556060, 'Alejandro Oliveros', 'actor', NULL),
(1556061, 'Anderson Piedrahita', 'actor', NULL),
(1556062, 'Andrés Felipe Isaza', 'actor', NULL),
(1556063, 'Brayan Pabón', 'actor', NULL),
(1556064, 'Cristian Castro', 'actor', NULL),
(1556065, 'Daniel Pabón', 'actor', NULL),
(1556066, 'Diego Hernández', 'actor', NULL),
(1556067, 'Ernesto Castellanos', 'actor', NULL),
(1556068, 'Ezequiel Tovar', 'actor', NULL),
(1556069, 'Ferney Chica Vega', 'actor', NULL),
(1556070, 'Gustavo Montaña', 'actor', NULL),
(1556071, 'Haiber Clavijo', 'actor', NULL),
(1556073, 'Ingrid Ávila', 'actor', NULL),
(1556074, 'Jesús Aguilera', 'actor', NULL),
(1556075, 'Jonathan Rodríguez', 'actor', NULL),
(1556077, 'Jorge Girón', 'actor', NULL),
(1556078, 'José Luis Rocha', 'actor', NULL),
(1556079, 'Juan Galeano', 'actor', NULL),
(1556080, 'Luz Mary Pinzón', 'actor', NULL),
(1556081, 'Marco Castellanos', 'actor', NULL),
(1556082, 'Miguel Hernández', 'actor', NULL),
(1556083, 'Rigoberto Castro', 'actor', NULL),
(1556084, 'Yeferson Marín', 'actor', NULL),
(1556085, 'Yeimi Mayorga', 'actor', NULL),
(1559086, 'Harriet Ghost', 'actor', '/tc77OY3ZOz1oJFkopZmr95QD9uP.jpg'),
(1560335, 'Sue-Lynn Ansari', 'actor', '/icPfLeYZqZjTAhD7XkCIDtxurFF.jpg'),
(1563756, 'Michael Lerman', 'director', NULL),
(1564846, 'Auli''i Cravalho', 'actor', '/uSYgcqhxETyMezXLPK9nTRAbdWx.jpg'),
(1567896, 'Mike Mitchell', 'actor', NULL),
(1569770, 'Stephanie Walters', 'actor', '/eHyHhoUqQixcgesnBmxtXUa0ZjR.jpg'),
(1573807, 'Bart Edwards', 'actor', '/kZsYHfxdHfdfaYAJ8dkjJ4V9kCn.jpg'),
(1574537, 'Ross Mac Mahon', 'actor', NULL),
(1574538, 'Carla McGlynn', 'actor', NULL),
(1574539, 'Darragh O''Connor', 'actor', NULL),
(1574540, 'Sophie Radermacher', 'actor', NULL),
(1574541, 'Dave Timbs', 'actor', NULL),
(1574542, 'Jordan Waller', 'actor', NULL),
(1576572, 'Leonardo Rocha', 'director', NULL),
(1576575, 'Naomi Nero', 'actor', NULL),
(1576576, 'Daniel Botelho', 'actor', NULL),
(1576577, 'Dani Nefusi', 'actor', NULL),
(1576579, 'Lais Dias', 'actor', NULL),
(1576580, 'Luciano Bortoluzzi', 'actor', NULL),
(1576581, 'June Dantas', 'actor', NULL),
(1576582, 'Renan Tenca', 'actor', NULL),
(1592480, 'Dino Fazzani', 'actor', '/fjOF76fBGDAKMGeGkuK4HUkLgrx.jpg'),
(1602490, 'Chelsea Taylor', 'actor', '/vlH3Nbip1qxez3V4b2E3hXSBxzM.jpg'),
(1603495, 'Angelique Joan', 'actor', NULL),
(1604370, 'Faith Wood-Blagrove', 'actor', NULL),
(1606634, 'José Escobosa', 'actor', NULL),
(1610835, 'Jason Redshaw', 'actor', NULL),
(1616970, 'Taiyô Yoshizawa', 'actor', NULL),
(1617286, 'Malina Manovici', 'actor', NULL),
(1617287, 'Gelu Colceag', 'actor', NULL),
(1624443, 'Flor Ferraco', 'actor', NULL),
(1624444, 'Ronan Raftery', 'actor', '/cwvrSNokGx9k5FjGqJsYtVWnKUI.jpg'),
(1625558, 'Awkwafina', 'actor', NULL),
(1631708, 'Raphael Acloque', 'actor', '/f3SAC0jhYaulFl3dxTZZbQBdMXR.jpg'),
(1631814, 'Phillipa Soo', 'actor', '/8q9xwbtMmVr7mjjt9a2T0SXI1y4.jpg'),
(1636926, 'Frida Palsson', 'actor', NULL),
(1636927, 'James Melville', 'actor', NULL),
(1636928, 'Max Gabbay', 'actor', NULL),
(1640347, 'Alexandra Masangkay', 'actor', NULL),
(1640781, 'Alba Galocha', 'actor', NULL),
(1641528, 'Abi Adeyemi', 'actor', NULL),
(1643713, 'David M. Bernstein', 'director', NULL),
(1646444, 'Abigail Pniowsky', 'actor', NULL),
(1646447, 'Carmela Nozza Guizzo', 'actor', NULL),
(1646448, 'Jadyn Malone', 'actor', NULL),
(1646449, 'Leisa Reid', 'actor', NULL),
(1646450, 'Brittany Teo', 'actor', NULL),
(1646452, 'Chistian Jadah', 'actor', NULL),
(1646454, 'Genevieve Sirois', 'actor', NULL),
(1646456, 'Tammie Sutherland', 'actor', NULL),
(1646457, 'Daniel Esteban', 'actor', NULL),
(1646458, 'Kathleen Stavert', 'actor', NULL),
(1646459, 'Hal Roberts', 'actor', NULL),
(1646460, 'Leslie Baker', 'actor', NULL),
(1646461, 'Michael Nangreaves', 'actor', NULL),
(1646462, 'Chloë Bellande', 'actor', NULL),
(1646463, 'Robert D. Morais', 'actor', NULL),
(1646464, 'Laurean Adrian Parau', 'actor', NULL),
(1647426, 'Nick Peine', 'actor', '/iulzYgEiOVOtoMurktli638fAF2.jpg'),
(1648346, 'Robert Aramayo', 'actor', '/19wxuP7uqOX2UDfCgtqU2ZbagK5.jpg'),
(1648364, 'Celeste Octavia', 'actor', '/xUHivagFHRs6GigNSNiRTF5dhVB.jpg'),
(1648366, 'Tamara Robertson', 'actor', '/lfljUXbhQqRC4hbxhht56spq4Cy.jpg'),
(1648393, 'Nick Hounslow', 'actor', NULL),
(1648394, 'Josh Ford', 'actor', '/x4lAYQtLSgJld3s3VVeU7rqlTPH.jpg'),
(1649059, 'Michael Tourek', 'actor', NULL),
(1650111, 'Helen-Jean Arthur', 'actor', NULL),
(1650112, 'Owen Asztalos', 'actor', '/vcAAdH0w0yjsrvKBaDlUhQjtHtJ.jpg'),
(1650114, 'Kacey Cockett', 'actor', NULL),
(1650121, 'Chasten Harmon', 'actor', '/oEDQuR0upYFD2dNxEfZocvT1Stp.jpg'),
(1650139, 'Joan Kendall', 'actor', NULL),
(1650140, 'Dominic Liriano', 'actor', NULL),
(1650142, 'Johnnie Mae', 'actor', '/G3S6lrKXfvWIcTDpaZyGXzkYZq.jpg'),
(1650148, 'Jaden Michael', 'actor', '/oNF46febjdzbkWiIdgokaRHaDON.jpg'),
(1650157, 'Sophia Muller', 'actor', '/tKAdV1AmyxSnNp0z7cwBovtyBXv.jpg'),
(1650158, 'Nellie', 'actor', NULL),
(1650159, 'Trevor Parham', 'actor', '/x6Yt4ON0uY2JpHewLG1Mi2xgKWM.jpg'),
(1650162, 'Troy T. Parham', 'actor', '/sMVKKf5jpkXI5Tie75mnYkwACGi.jpg'),
(1650172, 'James Van Treuren', 'actor', NULL),
(1650175, 'Martin Van Treuren', 'actor', '/iznFTO1jsy4i5lZ0xPo2k6gfX27.jpg'),
(1650216, 'Jorge Vega', 'actor', '/xa1QyI4BBcU0wsMEXyAeHmKSQyj.jpg'),
(1650236, 'Natalie Ann Jamieson', 'actor', '/4LbagwN4dXwszo7MxkJ2RdZLxu4.jpg'),
(1650240, 'Mark Burns', 'actor', NULL),
(1650242, 'Colin Coombs', 'actor', '/hv1z8rq0NhNSGYIRWRCtf8qMc4G.jpg'),
(1650248, 'Viktoria Kay', 'actor', NULL),
(1650250, 'Mick Laffey', 'actor', NULL),
(1650251, 'Micky McGregor', 'actor', '/jcQ1dFn6btDoXvNH9bNfVebd4Vs.jpg'),
(1650252, 'Dylan McKiernan', 'actor', NULL),
(1650253, 'Julie Nicholson', 'actor', NULL),
(1650254, 'Briana Shann', 'actor', NULL),
(1650255, 'John Sumner', 'actor', NULL),
(1650256, 'James Hepworth', 'actor', '/8T5HuTRsF87sePsQAYfUiIdp3ye.jpg'),
(1650257, 'Rob Kirtley', 'actor', NULL),
(1651374, 'Jason Matthewson', 'actor', NULL),
(1651377, 'Emma-Jane Martin', 'actor', NULL),
(1651384, 'Iain Batchelor', 'actor', NULL),
(1651385, 'Roman Green', 'actor', NULL),
(1651386, 'Miroslav Zaruba', 'actor', NULL),
(1651388, 'Claire Richardson', 'actor', NULL),
(1651390, 'Michael Haydon', 'actor', NULL),
(1651391, 'Jonathan Cass', 'actor', NULL),
(1651392, 'Angus Kennedy', 'actor', NULL),
(1651393, 'Ty Hurley', 'actor', NULL),
(1651394, 'Shane Griffin', 'actor', NULL),
(1651395, 'Richard Hills Jr.', 'actor', NULL),
(1651399, 'Jason Grangier', 'actor', NULL),
(1651400, 'Peter Meyer', 'actor', NULL),
(1651402, 'Vikki Edwards', 'actor', NULL),
(1651406, 'Marinelly Vaslon', 'actor', '/eBMVzrzTfkXUAgq6A8IDZcKmU6J.jpg'),
(1651412, 'Sophie Shad', 'actor', NULL),
(1651413, 'Raphael Desprez', 'actor', NULL),
(1651414, 'Sternkiker François', 'actor', NULL),
(1651415, 'Jake Wyatt', 'actor', NULL),
(1651416, 'Christopher McMullen', 'actor', NULL),
(1651417, 'Paul Leon Bridger', 'actor', NULL),
(1651418, 'Lukas Johne', 'actor', NULL),
(1651419, 'John Skerritt', 'actor', NULL),
(1651420, 'Laraine Dix', 'actor', NULL),
(1651423, 'Ben Laumann', 'actor', NULL),
(1651424, 'Cecilia Gragnani', 'actor', NULL),
(1651425, 'Cameron Beames', 'actor', NULL),
(1651426, 'Saif Lone', 'actor', NULL),
(1651427, 'Melissa Sirol', 'actor', NULL),
(1651429, 'Sorcha Garavan', 'actor', NULL),
(1651430, 'Robert Isaac Harker', 'actor', NULL),
(1651431, 'Tiar Lounis', 'actor', NULL),
(1651432, 'Glyn Angell', 'actor', NULL),
(1654655, 'Juan Cely', 'actor', '/sJMBUTkSWi2C5nLkWdd6Ob7OMl.jpg'),
(1654736, 'Kamil Lemieszewski', 'actor', '/1fhrCSM7jSTWIxMlDTiicUSfAh1.jpg'),
(1654737, 'Cristian Lazar', 'actor', '/ftNAZX69tuQxoxisQrH05tYo2cY.jpg'),
(1654738, 'Lobna Futers', 'actor', NULL),
(1654739, 'Karl Farrer', 'actor', '/rJVVZsfl1VEapNEVKZa7S2GGy9S.jpg'),
(1654740, 'Chloe de Burgh', 'actor', NULL),
(1654741, 'Andrei Satalov', 'actor', NULL),
(1654742, 'Gjevat Kelmendi', 'actor', NULL),
(1654743, 'BF Mulvey', 'actor', NULL),
(1654744, 'Adam Lazarus', 'actor', NULL),
(1654745, 'Kirsty Grace', 'actor', NULL),
(1654746, 'Ashley Hudson', 'actor', NULL),
(1655619, 'Daniel Smales', 'actor', NULL),
(1655620, 'Fanny Carbonnel', 'actor', NULL),
(1655621, 'Bernardo Santos', 'actor', NULL),
(1659287, 'Dady Brieva', 'actor', NULL),
(1659288, 'Andre Frigerio', 'actor', NULL),
(1661814, 'Noelle Fink', 'actor', '/mz6LxRsKU1J7wVoKbpGkKf8j6P5.jpg'),
(1664999, 'Eunice Olumide', 'actor', NULL),
(1667787, 'Imogen Waterhouse', 'actor', '/bYu8o5pSmJdfADJ14b2etAYfGoR.jpg'),
(1667883, 'Milo Gibson', 'actor', NULL),
(1677698, 'Nely Reguera', 'director', NULL),
(1678709, 'Lincoln Melcher', 'actor', NULL),
(1680232, 'Richard Greenberg', 'actor', NULL),
(1680287, 'Jane Gabbert', 'actor', NULL),
(1680380, 'Ignacio Cawen', 'actor', NULL),
(1680381, 'Stefanía Crocce', 'actor', NULL),
(1680382, 'Andrea Davidovic', 'actor', NULL),
(1680383, 'Ulises Di Roma', 'actor', NULL),
(1680384, 'Quique Fernández', 'actor', NULL),
(1680385, 'Inés Lage', 'actor', NULL),
(1680386, 'Gisella Marsiglia', 'actor', NULL),
(1680387, 'Sergio Quintana', 'actor', NULL),
(1680395, 'Matías ''Lucho'' Viera', 'director', NULL),
(1681510, 'Adeline Bonacchi', 'director', NULL),
(1682625, 'Boré Buika', 'actor', NULL),
(1682627, 'Alina Nastase', 'actor', NULL),
(1682645, 'Corina Randazzo', 'actor', NULL),
(1697472, 'Katrina Durden', 'actor', '/gwyihisIyrlVc0xdInZAjGNlwpg.jpg'),
(1697473, 'Linda Louise Duan', 'actor', NULL),
(1697474, 'Mark Anthony Brighton', 'actor', NULL),
(1698108, 'Vincent Latorre', 'actor', NULL),
(1698109, 'Celeste Dodwell', 'actor', NULL),
(1698114, 'Phillipe Spall', 'actor', NULL),
(1698116, 'Éric Théobald', 'actor', NULL),
(1698606, 'Halle Charlton', 'actor', NULL),
(1698608, 'Nicholas Keenan', 'actor', NULL),
(1700952, 'Guillermo Romero', 'actor', NULL),
(1700953, 'Luis Bajo', 'actor', NULL),
(1700955, 'Lorenzo Beteta', 'actor', NULL),
(1703906, 'Topo Wresniwiro', 'actor', NULL),
(1704381, 'Daisy Baldry', 'director', NULL),
(1704766, 'Iris Dohrn', 'actor', NULL),
(1704767, 'Liam Henry', 'actor', NULL),
(1704768, 'Aino Jawo', 'actor', NULL),
(1704769, 'Caroline Hjelt', 'actor', NULL),
(1704770, 'Kandee Johnson', 'actor', NULL),
(1705796, 'Lily-Rose Aslandogdu', 'actor', NULL),
(1706653, 'Richard Pyros', 'actor', NULL),
(1706654, 'Ben Mingay', 'actor', NULL),
(1709868, 'Jacob Warner', 'actor', NULL),
(1709869, 'Damien Thomlinson', 'actor', NULL),
(1709870, 'John Batziolas', 'actor', NULL),
(1709871, 'Mikael Koski', 'actor', NULL),
(1709872, 'Charles Jacobs', 'actor', NULL),
(1710377, 'Iliamane Sagna', 'actor', NULL),
(1710378, 'Dieynaba Niang', 'actor', NULL),
(1710379, 'Farba Sarr', 'actor', NULL),
(1713819, 'Steen Young', 'actor', NULL),
(1713820, 'Tyrone Love', 'actor', NULL),
(1713822, 'Andrew Zographos', 'actor', NULL),
(1713824, 'Angus Cook', 'actor', '/jPc794vF0h8bmslQ3sO8O3vUVIa.jpg'),
(1713831, 'Sam Hanover', 'actor', NULL),
(1713832, 'Emeson Nwolie', 'actor', '/dWCOK3qCOm1Vve567FXKhBp5x8B.jpg'),
(1716550, 'Louise Bush', 'actor', NULL),
(1716551, 'Opetaia Foa''i', 'actor', NULL),
(1718318, 'Sonny Valicenti', 'actor', NULL),
(1718319, 'Jessica Miesel', 'actor', NULL),
(1718320, 'Jackie Renee Robinson', 'actor', NULL),
(1718321, 'Todd Parker', 'actor', NULL),
(1718414, 'Peggy Fields Richardson', 'actor', '/3noqcvqfFL3sPSCX5tnepnDjjME.jpg'),
(1718654, 'Jon Rod', 'actor', '/75vZK8hy1s1kIrCP6tSDmP95E4D.jpg'),
(1722069, 'Mahmoud Kabil', 'actor', NULL),
(1723696, 'Oliver Steer', 'actor', NULL),
(1723697, 'Dominic Boyle', 'actor', NULL),
(1725276, 'Beau Gadsdon', 'actor', NULL),
(1725277, 'Dolly Gadsdon', 'actor', NULL);

-- --------------------------------------------------------

--
-- Estructura de tabla para la tabla `character_movie`
--

CREATE TABLE `character_movie` (
  `movie_id` int(10) UNSIGNED NOT NULL,
  `character_id` int(10) UNSIGNED NOT NULL,
  `order` smallint(6) NOT NULL
) ENGINE=InnoDB DEFAULT CHARSET=utf8 COLLATE=utf8_unicode_ci;

--
-- Volcado de datos para la tabla `character_movie`
--

INSERT INTO `character_movie` (`movie_id`, `character_id`, `order`) VALUES
(1, 72855, 0),
(1, 8688, 1),
(1, 77335, 2),
(1, 21088, 3),
(1, 1341, 4),
(1, 77301, 5),
(1, 53240, 6),
(1, 1019, 7),
(1, 2178, 8),
(1, 33181, 9),
(1, 139654, 10),
(1, 56100, 11),
(1, 40638, 12),
(1, 28477, 13),
(1, 57012, 14),
(1, 15152, 15),
(1, 25451, 16),
(1, 583815, 17),
(1, 43138, 18),
(1, 100085, 19),
(1, 1213640, 20),
(1, 6, 21),
(1, 1214513, 22),
(1, 1233264, 23),
(1, 11184, 24),
(1, 1664999, 25),
(1, 67367, 26),
(1, 60047, 27),
(1, 1322312, 28),
(1, 937222, 29),
(1, 63362, 30),
(1, 1713819, 31),
(1, 1713820, 32),
(1, 1555943, 33),
(1, 1713822, 34),
(1, 1713824, 35),
(1, 1713831, 36),
(1, 1514130, 37),
(1, 1713832, 38),
(1, 1264237, 39),
(1, 27632, 40),
(1, 195666, 41),
(1, 1725276, 42),
(1, 1725277, 43),
(1, 1371050, 44),
(1, 41044, 45),
(1, 129894, -1),
(2, 16971, 1),
(2, 1077146, 2),
(2, 64771, 3),
(2, 122702, 4),
(2, 229873, -1),
(3, 9824, 0),
(3, 5723, 1),
(3, 17419, 2),
(3, 4589, 3),
(3, 39388, 4),
(3, 3623, 5),
(3, 1670, 6),
(3, 225610, 7),
(3, 1394384, 8),
(3, 10672, 9),
(3, 1654655, 10),
(3, 11355, 11),
(3, 29240, 12),
(3, 3019, 13),
(3, 5419, 14),
(3, 49965, 15),
(3, 60650, 16),
(3, 102221, 17),
(3, 144221, -1),
(3, 1409307, -1),
(4, 1254583, 1),
(4, 2037, 2),
(4, 13014, 3),
(4, 1021684, 4),
(4, 205258, 5),
(4, 14637, 6),
(4, 25730, 8),
(4, 1260062, 11),
(4, 125976, 12),
(4, 1428995, 13),
(4, 81260, 14),
(4, 1311716, 15),
(4, 32250, -1),
(5, 4455, 1),
(5, 4460, 2),
(5, 136774, 3),
(5, 588175, 4),
(5, 1259903, 5),
(5, 57012, 6),
(5, 1438708, 7),
(5, 1438709, 8),
(5, 1438710, 9),
(5, 1438711, 10),
(5, 4453, -1),
(5, 1442251, -1),
(6, 24974, 1),
(6, 5117, 2),
(6, 567131, 3),
(6, 1114072, -1),
(7, 50668, 1),
(7, 140114, 2),
(7, 107810, 3),
(7, 52396, 4),
(7, 1218926, 5),
(7, 1218918, 6),
(7, 26069, 7),
(7, 2848, 8),
(7, 63563, 9),
(7, 1313389, -1),
(8, 928981, 1),
(8, 1176200, 2),
(8, 929933, 3),
(8, 1555970, 4),
(8, 1555971, -1),
(8, 1457441, -1),
(8, 1555989, 7),
(8, 1555992, 8),
(8, 1555994, 9),
(8, 1555995, 10),
(8, 1556007, 11),
(8, 1556008, 12),
(8, 1556009, 13),
(8, 1556010, 14),
(8, 1556011, 15),
(8, 1556012, 16),
(8, 1556013, 17),
(8, 1556014, 18),
(8, 839684, 19),
(8, 1556015, 20),
(8, 1556016, 21),
(8, 1556017, 22),
(8, 1556018, 23),
(8, 1556019, 24),
(8, 1556020, 25),
(8, 1347933, 26),
(8, 1556021, 27),
(8, 1556022, 28),
(8, 1556023, 29),
(8, 1556024, 30),
(8, 1556025, 31),
(8, 1556026, 32),
(8, 1556027, 33),
(8, 1361363, 34),
(8, 1556028, 35),
(8, 1556029, 36),
(8, 1556030, 37),
(8, 1556031, 38),
(8, 1556032, 39),
(8, 1556033, 40),
(8, 1556034, 41),
(8, 1556035, 42),
(8, 1556036, 43),
(8, 1556037, 44),
(8, 1556038, 45),
(8, 1556039, 46),
(8, 1556040, 47),
(8, 1556041, 48),
(8, 1556042, 49),
(8, 1556043, 50),
(8, 1556044, 51),
(8, 1556045, 52),
(8, 1556046, 53),
(8, 1556047, 54),
(8, 1556048, 55),
(8, 1556049, 56),
(8, 1556050, 57),
(8, 1556051, 58),
(8, 1556052, 59),
(8, 1556053, 60),
(8, 1556054, 61),
(8, 1556055, 62),
(8, 1556056, 63),
(8, 1556057, 64),
(8, 1556058, 65),
(8, 1556059, 66),
(8, 1556060, 67),
(8, 1521685, 68),
(8, 1556061, 69),
(8, 969242, 70),
(8, 1556062, 71),
(8, 1556063, 72),
(8, 1556064, 73),
(8, 1556065, 74),
(8, 1556066, 75),
(8, 1556067, 76),
(8, 1556068, 77),
(8, 1556069, 78),
(8, 1556070, 79),
(8, 1556071, 80),
(8, 1556073, 81),
(8, 1556074, 82),
(8, 1556075, 83),
(8, 1556077, 84),
(8, 1144403, 85),
(8, 1556078, 86),
(8, 1556079, 87),
(8, 1556080, 88),
(8, 1556081, 89),
(8, 1329441, 90),
(8, 1556082, 91),
(8, 1556083, 92),
(8, 1407608, 93),
(8, 1556084, 94),
(8, 1556085, 95),
(8, 1476891, -1),
(8, 61711, -1),
(9, 37625, 0),
(9, 65731, 1),
(9, 972356, 2),
(9, 20374, 3),
(9, 1331, 4),
(9, 3052, 5),
(9, 4937, 6),
(9, 1213279, 7),
(9, 12206, 8),
(9, 61907, 9),
(9, 1706653, 10),
(9, 1706654, 11),
(9, 56450, 12),
(9, 61784, 13),
(9, 1709868, 14),
(9, 1510769, 15),
(9, 1709869, 16),
(9, 126200, 17),
(9, 1483257, 18),
(9, 81480, 19),
(9, 1667883, 20),
(9, 1709870, 21),
(9, 1230632, 22),
(9, 1709871, 23),
(9, 1709872, 24),
(9, 123879, 25),
(9, 1394235, 26),
(9, 2461, -1),
(10, 23532, 0),
(10, 81364, 1),
(10, 51990, 2),
(10, 1226302, 3),
(10, 503103, 4),
(10, 24047, 5),
(10, 52997, 6),
(10, 1429453, 7),
(10, 79082, 8),
(10, 1240487, 9),
(10, 4491, 10),
(10, 78324, 11),
(10, 1036288, 12),
(10, 1109702, 13),
(10, 59841, 14),
(10, 170820, 15),
(10, 225694, 16),
(10, 94432, 17),
(10, 173964, 18),
(10, 1180099, 19),
(10, 1183672, 20),
(10, 149132, 21),
(10, 1376425, 22),
(10, 1459830, 23),
(10, 1493882, 24),
(10, 159300, 25),
(10, 1647426, 26),
(10, 1649059, 27),
(10, 1718318, 28),
(10, 1718319, 29),
(10, 1718320, 30),
(10, 1718321, 31),
(10, 60922, -1),
(10, 60923, -1),
(11, 1023139, 1),
(11, 229932, 2),
(11, 929905, 3),
(11, 1186840, 4),
(11, 1650111, 5),
(11, 1650112, 6),
(11, 1650114, 7),
(11, 37149, 8),
(11, 929906, 9),
(11, 1650121, 10),
(11, 1410478, 11),
(11, 946953, 12),
(11, 8689, 13),
(11, 1650139, 14),
(11, 1650140, 15),
(11, 1650142, 16),
(11, 1223718, 17),
(11, 1473140, 18),
(11, 5384, 19),
(11, 1650148, 20),
(11, 1650157, 21),
(11, 68973, 22),
(11, 1650158, 23),
(11, 1650159, 24),
(11, 1650162, 25),
(11, 1650172, 26),
(11, 1650175, 27),
(11, 1650216, 28),
(11, 4429, -1),
(12, 5472, 0),
(12, 9642, 1),
(12, 2227, 2),
(12, 350, 3),
(12, 529, 4),
(12, 17287, 5),
(12, 556356, 6),
(12, 20471, 7),
(12, 1502462, 8),
(12, 1211856, -1),
(13, 90633, 0),
(13, 52848, 1),
(13, 65717, 2),
(13, 58225, 3),
(13, 207250, 4),
(13, 1465325, 5),
(13, 1358965, 6),
(13, 59841, 7),
(13, 10872, 8),
(13, 14721, 9),
(13, 54733, -1),
(14, 724188, 1),
(14, 1442192, 2),
(14, 34057, 3),
(14, 1677698, -1),
(15, 942128, 1),
(15, 1441997, 2),
(15, 1680380, 3),
(15, 1347783, 4),
(15, 1680381, 5),
(15, 1680382, 6),
(15, 1680383, 7),
(15, 1680384, 8),
(15, 1346878, 9),
(15, 1680385, 10),
(15, 1680386, 11),
(15, 1320724, 12),
(15, 1073957, 13),
(15, 132996, 14),
(15, 1680387, 15),
(15, 987581, -1),
(15, 1680395, -1),
(16, 1564846, 0),
(16, 18918, 1),
(16, 15298, 2),
(16, 7242, 3),
(16, 55936, 4),
(16, 151246, 5),
(16, 21088, 6),
(16, 1716550, 7),
(16, 89843, 9),
(16, 1349600, 10),
(16, 1631814, 11),
(16, 1179651, 12),
(16, 1716551, 13),
(16, 1307751, 14),
(16, 15810, -1),
(16, 15811, -1),
(16, 70238, -1),
(16, 227439, -1),
(17, 24977, 1),
(17, 16867, 2),
(17, 87015, 3),
(17, 19024, 4),
(17, 585725, 5),
(17, 1441760, 6),
(17, 1428896, 8),
(17, 1640347, 11),
(17, 1240966, 12),
(17, 578014, 13),
(17, 224874, 14),
(17, 1473973, -1),
(18, 9273, 0),
(18, 131, 1),
(18, 335, 2),
(18, 27428, 3),
(18, 52848, 4),
(18, 53807, 5),
(18, 350, 6),
(18, 127558, 7),
(18, 3968, 8),
(18, 118034, 9),
(18, 20089, 10),
(18, 90658, 11),
(18, 1508785, 12),
(18, 1327613, 13),
(18, 1648346, 14),
(18, 6110, 15),
(18, 1105441, 16),
(18, 1667787, 17),
(18, 20289, 18),
(18, 220056, 19),
(18, 160253, 20),
(18, 211626, 21),
(18, 24435, 22),
(18, 216062, 23),
(18, 1648364, 24),
(18, 1648366, 25),
(18, 1569770, 26),
(18, 1602490, 27),
(18, 1144724, 28),
(18, 1648393, 29),
(18, 1447857, 30),
(18, 1648394, 31),
(18, 1354984, 32),
(18, 1718414, 33),
(18, 1286897, 34),
(18, 1432377, 35),
(18, 1392128, 36),
(18, 120615, -1),
(18, 1345718, -1),
(18, 1414532, -1),
(19, 102222, 1),
(19, 1423088, 2),
(19, 1091128, 3),
(19, 1042765, 4),
(19, 1143886, 5),
(19, 1423493, 6),
(19, 1377911, 7),
(19, 4367, 8),
(19, 1050908, 9),
(19, 1455969, 10),
(19, 1413918, 11),
(19, 1075029, 12),
(19, 25257, 13),
(19, 974519, 14),
(19, 81848, 15),
(19, 1527822, 16),
(19, 1682625, 17),
(19, 1682627, 18),
(19, 1383081, 19),
(19, 1682645, 20),
(19, 79002, -1),
(20, 123664, 0),
(20, 1537768, 1),
(20, 75913, 2),
(20, 138336, 3),
(20, 93252, 4),
(20, 83122, 5),
(20, 1418580, 6),
(20, 557743, 8),
(20, 10099, -1),
(21, 1576575, 1),
(21, 1576576, 2),
(21, 1576577, 3),
(21, 8600, 4),
(21, 1576579, 5),
(21, 1356080, 6),
(21, 1052174, 7),
(21, 1576580, 8),
(21, 1576581, 9),
(21, 1576582, 10),
(21, 1357375, 11),
(21, 933011, 12),
(21, 550280, -1),
(21, 1198146, -1),
(21, 1576572, -1),
(22, 287, 0),
(22, 8293, 1),
(22, 15440, 2),
(22, 16358, 3),
(22, 51988, 4),
(22, 1247, 5),
(22, 27397, 6),
(22, 6091, 7),
(22, 1348474, 8),
(22, 1052255, 9),
(22, 72307, 10),
(22, 107733, 11),
(22, 96413, 12),
(22, 1055230, 13),
(22, 1514178, 14),
(22, 400612, 15),
(22, 1698108, 16),
(22, 1698109, 17),
(22, 136040, 18),
(22, 1698114, 19),
(22, 1651413, 20),
(22, 1698116, 21),
(22, 1473990, 22),
(22, 1631708, 23),
(22, 47647, 24),
(22, 1651384, 25),
(22, 1603495, 26),
(22, 1079137, 27),
(22, 1651424, 28),
(22, 1651392, 29),
(22, 1651418, 30),
(22, 1379275, 31),
(22, 1651374, 32),
(22, 1651402, 33),
(22, 1651377, 34),
(22, 1651385, 35),
(22, 1651386, 36),
(22, 937222, 37),
(22, 1448206, 38),
(22, 21029, 39),
(22, 1651388, 40),
(22, 1363049, 41),
(22, 1651390, 42),
(22, 1651391, 43),
(22, 1651393, 44),
(22, 1651394, 45),
(22, 1281195, 46),
(22, 1651395, 47),
(22, 1264641, 48),
(22, 1651399, 49),
(22, 1108809, 50),
(22, 1651400, 51),
(22, 1076454, 52),
(22, 1651406, 53),
(22, 1651412, 54),
(22, 1651414, 55),
(22, 1651415, 56),
(22, 1651416, 57),
(22, 1651417, 58),
(22, 1651419, 59),
(22, 1276910, 60),
(22, 1651420, 61),
(22, 1651423, 62),
(22, 1651425, 63),
(22, 1651426, 64),
(22, 1651427, 65),
(22, 1651429, 66),
(22, 1651430, 67),
(22, 1651431, 68),
(22, 1651432, 69),
(22, 1454291, 70),
(22, 24, -1),
(23, 13240, 0),
(23, 6856, 1),
(23, 6949, 2),
(23, 180486, 3),
(23, 527393, 4),
(23, 11661, 5),
(23, 1327175, 6),
(23, 824, 7),
(23, 1371237, 8),
(23, 1298790, 9),
(23, 60677, 10),
(23, 129868, 11),
(23, 1560335, 12),
(23, 60881, 13),
(23, 141762, 14),
(23, 97446, 15),
(23, 76544, 16),
(23, 36602, -1),
(24, 955, 1),
(24, 2130, 2),
(24, 25503, 3),
(24, 37526, -1),
(25, 1113157, 0),
(25, 39249, 1),
(25, 62888, 2),
(25, 1617286, 3),
(25, 39959, 4),
(25, 1617287, 5),
(25, 1502654, 6),
(25, 1554307, 7),
(25, 20657, -1),
(26, 1042791, 1),
(26, 1074524, 2),
(26, 1074518, 3),
(26, 1019690, -1),
(27, 37632, 0),
(27, 72466, 1),
(27, 77795, 2),
(27, 58873, 3),
(27, 998225, 4),
(27, 132157, 5),
(27, 2206, 6),
(27, 37158, 7),
(27, 10127, 8),
(27, 2372, 9),
(27, 1479957, 10),
(27, 1624444, 11),
(27, 1604370, 12),
(27, 78727, 13),
(27, 85, 14),
(27, 37153, 15),
(27, 97576, 16),
(27, 159454, 17),
(27, 1204379, 18),
(27, 1654736, 19),
(27, 1655620, 20),
(27, 1385097, 21),
(27, 1170656, 22),
(27, 1363049, 23),
(27, 1149880, 24),
(27, 1403650, 25),
(27, 1624443, 26),
(27, 1592480, 27),
(27, 1495084, 28),
(27, 1322312, 29),
(27, 1654737, 30),
(27, 1654738, 31),
(27, 1654739, 32),
(27, 1641528, 33),
(27, 55586, 34),
(27, 1261092, 35),
(27, 1486530, 36),
(27, 17354, 37),
(27, 1654740, 38),
(27, 1654741, 39),
(27, 997860, 40),
(27, 1278780, 41),
(27, 1573807, 42),
(27, 1434017, 43),
(27, 1651386, 44),
(27, 556446, 45),
(27, 1654742, 46),
(27, 1610835, 47),
(27, 1654743, 48),
(27, 1654744, 49),
(27, 1451618, 50),
(27, 1654745, 51),
(27, 1654746, 52),
(27, 59147, 53),
(27, 1655619, 54),
(27, 1396600, 55),
(27, 531772, 56),
(27, 1655621, 57),
(27, 1167068, 58),
(27, 1394384, 59),
(27, 11343, -1),
(27, 1389548, -1),
(28, 9273, 1),
(28, 17604, 2),
(28, 2178, 3),
(28, 72873, 4),
(28, 21629, 5),
(28, 225411, 6),
(28, 29466, 7),
(28, 1389916, 8),
(28, 51389, 9),
(28, 29461, 10),
(28, 209819, 11),
(28, 60907, 12),
(28, 1349338, 13),
(28, 1646444, 14),
(28, 1522166, 15),
(28, 1099770, 16),
(28, 90467, 17),
(28, 1646447, 18),
(28, 1476892, 19),
(28, 1646448, 20),
(28, 1548738, 21),
(28, 83029, 22),
(28, 1296930, 23),
(28, 1646449, 24),
(28, 1646450, 25),
(28, 1646452, 26),
(28, 1646454, 27),
(28, 1646456, 28),
(28, 1646457, 29),
(28, 1646458, 30),
(28, 1646459, 31),
(28, 1646460, 32),
(28, 1646461, 33),
(28, 1540241, 34),
(28, 1646462, 35),
(28, 1646463, 36),
(28, 1646464, 37),
(28, 137427, -1),
(28, 1519868, -1),
(29, 3967, 0),
(29, 2838, 1),
(29, 109438, 2),
(29, 11275, 3),
(29, 1155473, 4),
(29, 206724, 5),
(29, 126457, 6),
(29, 1321628, 7),
(29, 80145, 8),
(29, 10726, 9),
(29, 78727, 10),
(29, 199931, 11),
(29, 1535444, 12),
(29, 82149, 13),
(29, 1574537, 14),
(29, 1574538, 15),
(29, 1574539, 16),
(29, 1467585, 17),
(29, 1319899, 18),
(29, 1574540, 19),
(29, 1574541, 20),
(29, 1574542, 21),
(29, 78188, -1),
(30, 500, 1),
(30, 71189, 2),
(30, 83860, 3),
(30, 1466613, 4),
(30, 1223163, 5),
(30, 7497, 6),
(30, 1367847, 7),
(30, 149590, 8),
(30, 17343, 9),
(30, 62784, 10),
(30, 565501, 11),
(30, 9181, -1),
(31, 114254, 1),
(31, 1063319, 2),
(31, 1149067, 3),
(31, 1640781, 4),
(31, 560254, 5),
(31, 24918, 6),
(31, 96687, 7),
(31, 102329, -1),
(32, 1457004, 1),
(32, 1659287, 2),
(32, 1659288, 3),
(32, 1181214, 4),
(32, 226431, 5),
(32, 1159993, 6),
(32, 1208240, 7),
(32, 584193, -1),
(32, 584191, -1),
(33, 66155, 1),
(33, 43663, 2),
(33, 592147, 3),
(33, 1616970, 4),
(33, 238498, 5),
(33, 25645, -1),
(35, 31, 0),
(35, 6383, 1),
(35, 350, 2),
(35, 134531, 3),
(35, 74607, 4),
(35, 7497, 5),
(35, 87192, 6),
(35, 2977, 7),
(35, 98953, 8),
(35, 58045, 9),
(35, 205335, 10),
(35, 53492, 11),
(35, 1023458, 12),
(35, 99351, 13),
(35, 54865, 14),
(35, 4445, 15),
(35, 166658, 16),
(35, 4688, 17),
(35, 1680287, 18),
(35, 1473194, 19),
(35, 162828, 20),
(35, 1661814, 21),
(35, 1460933, 22),
(35, 1457224, 23),
(35, 109024, 24),
(35, 1521872, 25),
(35, 90519, 26),
(35, 1318907, 27),
(35, 1378662, 28),
(35, 1521873, 29),
(35, 1521874, 32),
(35, 1521875, 31),
(35, 93090, 33),
(35, 1355475, 34),
(35, 1521876, 35),
(35, 1521878, 36),
(35, 1521879, 37),
(35, 1503851, 38),
(35, 59260, 39),
(35, 172156, 40),
(35, 190, -1),
(35, 1434225, -1),
(35, 1643713, -1),
(36, 1271600, 0),
(36, 114460, 1),
(36, 24977, 2),
(36, 1062000, 3),
(36, 2319, 4),
(36, 1149067, 5),
(36, 1455959, 6),
(36, 1121031, 10),
(36, 1020808, 8),
(36, 33410, 9),
(36, 1152635, -1),
(37, 71580, 0),
(37, 5294, 1),
(37, 53714, 2),
(37, 30082, 3),
(37, 1019, 4),
(37, 3063, 5),
(37, 72873, 6),
(37, 4589, 7),
(37, 1372694, 8),
(37, 78110, 9),
(37, 1070721, 10),
(37, 126802, 11),
(37, 1697472, 12),
(37, 1697473, 13),
(37, 1697474, 14),
(37, 357551, 15),
(37, 74568, 16),
(37, 1703906, 17),
(37, 7624, 18),
(37, 1480047, 19),
(37, 55499, -1),
(37, 1704381, -1),
(37, 1563756, -1),
(38, 3483, 1),
(38, 225017, 2),
(38, 1718654, 3),
(38, 96691, -1),
(39, 84223, 0),
(39, 12111, 1),
(39, 11664, 2),
(39, 59919, 3),
(39, 55466, 4),
(39, 77070, 5),
(39, 1704766, 6),
(39, 1704767, 7),
(39, 1704768, 8),
(39, 1704769, 9),
(39, 1260038, 10),
(39, 208099, 11),
(39, 1255817, 12),
(39, 1512790, 13),
(39, 1528127, 14),
(39, 1704770, 15),
(39, 11870, 16),
(39, 8930, 17),
(39, 54691, 18),
(39, 118489, -1),
(39, 4175, 20),
(39, 1055235, 21),
(39, 1567896, 22),
(39, 64151, -1),
(40, 53755, 0),
(40, 1024722, 1),
(40, 98946, 2),
(40, 9976, 3),
(40, 1456341, 4),
(40, 17005, 5),
(40, 36221, 6),
(40, 932076, 7),
(40, 1505505, 8),
(40, 1698606, 9),
(40, 33834, 10),
(40, 1698608, 11),
(40, 7401, 12),
(40, 23706, 13),
(40, 1678709, 14),
(40, 551463, -1),
(41, 1554383, 0),
(41, 1182598, 1),
(41, 1650252, 2),
(41, 1650254, 3),
(41, 1243489, 4),
(41, 1650236, 5),
(41, 1650240, 6),
(41, 1650251, 7),
(41, 1650242, 8),
(41, 1559086, 9),
(41, 1462484, 10),
(41, 1650248, 11),
(41, 1650250, 12),
(41, 1650253, 13),
(41, 1650255, 14),
(41, 1650256, 15),
(41, 1650257, 16),
(41, 15488, -1),
(41, 1412126, -1),
(42, 1700952, 1),
(42, 1271600, 2),
(42, 19854, 3),
(42, 114463, 4),
(42, 114461, 5),
(42, 43321, 6),
(42, 1700953, 7),
(42, 1396383, 8),
(42, 1607, 9),
(42, 73269, 10),
(42, 64515, 11),
(42, 1093279, 12),
(42, 1700955, 13),
(42, 1606634, 14),
(42, 1455201, 15),
(42, 1194331, -1),
(43, 1523921, 0),
(43, 10205, 1),
(43, 72855, 2),
(43, 20286, 3),
(43, 3896, 4),
(43, 400, 5),
(43, 1705796, 6),
(43, 1636927, 7),
(43, 1723697, 8),
(43, 1636928, 9),
(43, 1723696, 10),
(43, 1221445, 11),
(43, 1154564, 12),
(43, 1636926, 13),
(43, 51894, -1),
(44, 38024, 1),
(44, 49971, 2),
(44, 273759, 3),
(44, 30613, 4),
(44, 57449, 5),
(44, 1536979, 6),
(44, 131820, 7),
(44, 1536980, 8),
(44, 1241521, 9),
(44, 30320, 10),
(44, 1537067, 11),
(44, 1537066, 12),
(44, 206393, 13),
(44, 113235, 13),
(44, 1537068, 14),
(44, 1537069, 15),
(44, 1537070, 16),
(44, 1537071, 17),
(44, 1366175, 18),
(44, 1537072, 19),
(44, 1537073, 20),
(44, 1537074, 21),
(44, 1474032, 22),
(44, 1537075, 23),
(44, 1537076, 24),
(44, 93911, -1),
(45, 62861, 0),
(45, 1240156, 1),
(45, 7090, 2),
(45, 298410, 3),
(45, 291263, 4),
(45, 1360088, 5),
(45, 4491, 6),
(45, 15232, 7),
(45, 120720, 8),
(45, 11160, 9),
(45, 1625558, 10),
(45, 198150, 11),
(45, 62863, 12),
(45, 579064, 13),
(45, 1268728, 14),
(45, 8010, -1),
(45, 52934, -1),
(46, 939099, 0),
(46, 37982, 1),
(46, 992623, 2),
(46, 908548, 3),
(46, 1120448, 4),
(46, 1247562, 5),
(46, 566101, 6),
(46, 1168093, 7),
(46, 1501775, 8),
(46, 1447195, 9),
(46, 1004817, 10),
(46, 48583, -1),
(47, 37569, 0),
(47, 72887, 1),
(47, 560275, 2),
(47, 236691, -1),
(48, 65437, 0),
(48, 90565, 1),
(48, 90567, 2),
(48, 90570, 3),
(48, 81851, 4),
(48, 67471, 5),
(48, 90568, 6),
(48, 23987, 7),
(48, 89968, 8),
(48, 77931, 9),
(48, 1680, 11),
(48, 65424, 12),
(48, 555350, 13),
(48, 90571, 14),
(48, 90572, 15),
(48, 90497, 17),
(48, 90569, 18),
(48, 20664, 19),
(48, 58159, -1),
(49, 224180, 0),
(49, 110421, 1),
(49, 82607, 3),
(49, 110425, 4),
(49, 571115, 5),
(49, 571116, 6),
(49, 347850, 7),
(49, 571117, 8),
(49, 571118, 9),
(49, 9376, 10),
(49, 571119, 11),
(49, 569865, 12),
(49, 75742, 13),
(49, 216979, 14),
(49, 571120, 15),
(49, 520367, 16),
(49, 526727, 17),
(49, 218366, 18),
(49, 571121, 19),
(49, 131664, 20),
(49, 188897, -1),
(50, 1331402, 1),
(50, 1200639, 2),
(50, 1331403, 3),
(50, 1331404, 4),
(50, 1331405, 5),
(50, 1200621, 6),
(50, 1710377, 7),
(50, 1710378, 8),
(50, 1200619, 9),
(50, 1710379, 12),
(50, 1325173, 13),
(50, 1347244, 14),
(50, 586309, 15),
(50, 107354, 16),
(50, 557134, -1),
(51, 8892, 0),
(51, 13294, 1),
(51, 36409, 2),
(51, 157936, 3),
(51, 129292, 4),
(51, 162139, 5),
(51, 1318654, 6),
(51, 1220923, 7),
(51, 45378, 8),
(51, 1318655, 9),
(51, 1318656, 10),
(51, 1318657, 11),
(51, 178148, 12),
(51, 137347, 13),
(51, 1318658, 14),
(51, 1318659, 15),
(51, 1318660, 16),
(51, 98902, 17),
(51, 22490, 18),
(51, 51521, -1),
(52, 2565, 0),
(52, 18847, 1),
(52, 1352, 2),
(52, 20030, 3),
(52, 17028, 4),
(52, 24422, 5),
(52, 27440, 6),
(52, 27441, 7),
(52, 19632, 8),
(52, 5963, 9),
(52, 15184, 10),
(52, 27442, 11),
(52, 11216, 13),
(52, 11550, 14),
(52, 55621, 15),
(52, 239398, 16),
(52, 36022, 17),
(52, 15402, 18),
(52, 2168, 19),
(52, 1168415, 20),
(52, 3833, 21),
(52, 32093, 22),
(52, 39882, 23),
(52, 1130613, 24),
(52, 37460, 25),
(52, 1125195, 26),
(52, 3540, 27),
(52, 930809, 28),
(52, 35214, 29),
(52, 1186226, 30),
(52, 73446, 31),
(52, 27436, -1),
(52, 1443416, -1),
(52, 1193379, -1),
(53, 234352, 0),
(53, 5294, 1),
(53, 62064, 2),
(53, 79434, -1),
(54, 29896, 0),
(54, 29897, 1),
(54, 8496, 2),
(54, 3173, 3),
(54, 225930, 4),
(54, 225931, 5),
(54, 8229, 6),
(54, 1130451, 7),
(54, 3, 8),
(54, 15189, -1),
(55, 56730, 0),
(55, 95686, 1),
(55, 88123, 2),
(55, 123846, 3),
(55, 221217, 4),
(55, 33490, 5),
(55, 151383, 6),
(55, 571895, 7),
(55, 129952, -1),
(56, 50570, 0),
(56, 18965, 1),
(56, 6102, 2),
(56, 31169, 3),
(56, 15953, 4),
(56, 16420, 5),
(56, 114957, 6),
(56, 8233, 7),
(56, 160432, 8),
(56, 17759, 9),
(56, 190, 10),
(56, 15705, -1),
(57, 13565, 0),
(57, 94550, 1),
(57, 33644, 2),
(57, 112964, 3),
(57, 29313, 4),
(57, 726, 5),
(57, 95681, 6),
(57, 50835, 7),
(57, 112965, 8),
(57, 49941, 9),
(57, 2652, 10),
(57, 1221841, 11),
(57, 70862, -1),
(58, 5763, -1),
(58, 228213, 1),
(58, 228214, 2),
(58, 228215, 3),
(58, 228216, 4),
(58, 228217, 5),
(59, 1811, 0),
(59, 884, 1),
(59, 5309, 2),
(59, 9777, 3),
(59, 27237, 4),
(59, 12078, 5),
(59, 41730, 6),
(59, 62846, 7),
(59, 43800, 8),
(59, 9224, 9),
(59, 69791, 10),
(59, 7906, 11),
(59, 59196, 12),
(59, 46393, 13),
(59, 70287, -1),
(59, 80671, -1),
(59, 1447483, -1),
(60, 61959, 0),
(60, 2231, 1),
(60, 17140, 2),
(60, 1749, 3),
(60, 4785, 4),
(60, 15899, 5),
(60, 66524, 6),
(60, 20766, 7),
(60, 59019, 8),
(60, 193254, 9),
(60, 35219, 10),
(60, 12077, 11),
(60, 1098113, 12),
(60, 31549, 14),
(60, 34983, 15),
(60, 1098117, 16),
(60, 1295, 17),
(60, 139065, 18),
(60, 78798, 19),
(60, 1098107, -1),
(61, 227395, 0),
(61, 19795, 1),
(61, 1208059, 2),
(61, 25260, 3),
(61, 97668, 4),
(61, 231173, -1),
(62, 2963, 0),
(62, 42882, 1),
(62, 884, 2),
(62, 3141, 3),
(62, 777, 4),
(62, 532, 5),
(62, 22137, 6),
(62, 96635, 7),
(62, 11764, 8),
(62, 1299108, 9),
(62, 84080, 10),
(62, 1299109, 11),
(62, 9173, 12),
(62, 993233, 14),
(62, 1299110, 15),
(62, 60883, 16),
(62, 1299111, 17),
(62, 74420, 18),
(62, 1299112, 19),
(62, 1299113, 20),
(62, 1299114, 21),
(62, 132424, 22),
(62, 1299115, 23),
(62, 16170, 25),
(62, 1680232, 26),
(62, 17960, -1),
(62, 997940, -1),
(62, 1299119, -1),
(62, 64099, -1),
(63, 22767, -1),
(64, 18841, 0),
(64, 52657, 1),
(64, 68385, 2),
(64, 27647, 3),
(64, 31780, 4),
(64, 78094, 5),
(64, 1341279, 6),
(64, 1722069, 7),
(64, 1162, 8),
(64, 14151, 9),
(64, 22312, 10),
(64, 130616, 11),
(64, 67924, -1),
(65, 27462, 1),
(65, 1195027, 2),
(65, 3627, 3),
(65, 87015, 4),
(65, 27460, 5),
(65, 1168983, -1),
(66, 1001075, 0),
(66, 10917, 1),
(66, 649, 2),
(66, 34616, 3),
(66, 19942, 4),
(66, 231278, 5),
(66, 54228, 6),
(66, 96413, 7),
(66, 19075, 8),
(66, 1001076, 9),
(66, 76858, 10),
(66, 71506, -1),
(66, 1001073, -1),
(66, 1681510, -1),
(67, 738, 0),
(67, 44079, 1),
(67, 22370, 2),
(67, 40041, 3),
(67, 40042, 4),
(67, 40043, 5),
(67, 33401, 6),
(67, 40044, 7),
(67, 19665, -1),
(68, 1152373, 1),
(68, 100666, 2),
(68, 1195190, 3),
(68, 10461, 4),
(68, 4600, 5),
(68, 54526, 6),
(68, 99573, 7),
(68, 1342691, 8),
(68, 100816, 9),
(68, 97652, 10),
(68, 50542, 11),
(68, 93093, 12),
(68, 8927, 13),
(68, 1195187, -1),
(69, 51297, 0),
(69, 27972, 1),
(69, 51298, 2),
(69, 504, 4),
(69, 7908, 5),
(69, 51300, 6),
(69, 51301, 7),
(69, 51302, 8),
(69, 51303, 9),
(69, 37917, 10),
(69, 443770, 11),
(69, 15277, -1),
(69, 1471306, -1),
(70, 3317, -1),
(70, 13275, 1),
(70, 1050798, 2),
(70, 13277, 3),
(70, 13278, 4),
(70, 13257, 5),
(70, 13280, 6),
(70, 13281, 7),
(70, 13282, 8),
(70, 13283, 9),
(71, 25957, 0),
(71, 24366, 1),
(71, 25958, 2),
(71, 25959, 3),
(71, 25960, 4),
(71, 11223, 5),
(71, 25961, 6),
(71, 25962, 7),
(71, 25963, 8),
(71, 25964, 9),
(71, 25965, 10),
(71, 25966, 11),
(71, 25967, 12),
(71, 25968, 13),
(71, 538228, 14),
(71, 15389, -1),
(72, 68988, 0),
(72, 82898, 1),
(72, 58444, 2),
(72, 107106, 3),
(72, 46624, 4),
(72, 17282, -1);

-- --------------------------------------------------------

--
-- Estructura de tabla para la tabla `comments`
--

CREATE TABLE `comments` (
  `id` int(10) UNSIGNED NOT NULL,
  `text` varchar(255) COLLATE utf8_unicode_ci NOT NULL,
  `user_id` int(10) UNSIGNED NOT NULL,
  `movie_id` int(10) UNSIGNED NOT NULL,
  `created_at` timestamp NULL DEFAULT NULL,
  `updated_at` timestamp NULL DEFAULT NULL
) ENGINE=InnoDB DEFAULT CHARSET=utf8 COLLATE=utf8_unicode_ci;

-- --------------------------------------------------------

--
-- Estructura de tabla para la tabla `critics`
--

CREATE TABLE `critics` (
  `id` int(10) UNSIGNED NOT NULL,
  `text` varchar(255) COLLATE utf8_unicode_ci NOT NULL,
  `ext_author` varchar(255) COLLATE utf8_unicode_ci DEFAULT NULL,
  `ext_media` varchar(255) COLLATE utf8_unicode_ci DEFAULT NULL,
  `user_id` int(10) UNSIGNED NOT NULL,
  `movie_id` int(10) UNSIGNED NOT NULL,
  `created_at` timestamp NULL DEFAULT NULL,
  `updated_at` timestamp NULL DEFAULT NULL
) ENGINE=InnoDB DEFAULT CHARSET=utf8 COLLATE=utf8_unicode_ci;

--
-- Volcado de datos para la tabla `critics`
--

INSERT INTO `critics` (`id`, `text`, `ext_author`, `ext_media`, `user_id`, `movie_id`, `created_at`, `updated_at`) VALUES
(1, 'Es una enérgica y muy sorprendente entrada en la saga galáctica con el simple y muy acertado recurso de contar lo de siempre. (...) puntuación: ★★★★★ (sobre 5)', 'Luis Martínez', 'Diario El Mundo', 2, 1, '2016-12-22 15:45:15', '2016-12-22 15:45:15'),
(2, 'Rogue One es el mejor filme con el sello Star Wars en mucho, mucho tiempo (...) Que el ''Episodio VIII'' vaya tomando nota (...) ', 'Yago García', 'Cinemanía', 2, 1, '2016-12-22 15:45:15', '2016-12-22 15:45:15'),
(3, 'En ''Rogue One'' hay aventura, hay acción y hay pequeños gags diseminados por el metraje, pero todo viene presentado de un modo realmente novedoso dentro del universo imaginado por George Lucas (...) ', 'Ricardo Rosado', 'Fotogramas', 2, 1, '2016-12-22 15:45:15', '2016-12-22 15:45:15'),
(4, 'Un subproducto camuflado de superproducción autoral (...) le sobra énfasis y le falta chispa, capacidad evocadora, y en el fondo, verdadera autenticidad (...) ', 'Beatriz Martínez', 'Diario El Periódico', 2, 1, '2016-12-22 15:45:15', '2016-12-22 15:45:15'),
(5, 'Otro aburrimiento galáctico (...) Nada me resulta exultante, dramático, épico, heroico, complejo o simplemente entretenido. El gran circo no es brillante, sino de una vacuidad apabullante, falt...', 'Carlos Boyero', 'Diario El País', 2, 1, '2016-12-22 15:45:15', '2016-12-22 15:45:15'),
(6, 'Gareth Edwards indaga el espíritu del 77 con una entrega que atina en sus momentos íntimos, convence en su comentario político... y defrauda cuando se resigna a ser metadona para fans.', 'Noel Ceballos', 'GQ Revista', 2, 1, '2016-12-22 15:45:15', '2016-12-22 15:45:15'),
(7, 'Rogue One lleva a la saga a una gloriosa nueva órbita (...) Es la mejor película de ''Star Wars'' desde ''El imperio contraataca'' de 1980. Sí, así es de buena.', 'Ethan Sacks', 'New York Daily News', 2, 1, '2016-12-22 15:45:15', '2016-12-22 15:45:15'),
(8, 'Olivares ha logrado mimetizar de manera convincente la mirada del documentalista. (...) ciertas debilidades. (...) muy bien orquestado, revelador desenlace.', 'Jordi Costa', 'Diario El País', 2, 2, '2016-12-22 15:45:15', '2016-12-22 15:45:15'),
(9, 'Un filme más que apreciable, que prueba que en España se puede hacer algo que no sean thrillers o comedias casposas. (...) ', 'Alberto Luchini', 'Diario El Mundo', 2, 2, '2016-12-22 15:45:15', '2016-12-22 15:45:15'),
(10, 'Lo mejor de ''El faro de las orcas'' es la belleza salvaje de unas playas inmensas y unos animales en acción. (...) Sin embargo, la historia no está a la altura del maravilloso paraje agreste que ...', 'Olga Pereda', 'Diario El Periódico', 2, 2, '2016-12-22 15:45:15', '2016-12-22 15:45:15'),
(11, 'Olivares nos saca de cuajo (..) de la ‘civilización’ para hacernos ver (...) lo que su joven protagonista autista ve. Nos adentramos en su mundo de introspección, sin que podamos escondern...', 'Janire Zurbano', 'Cinemanía', 2, 2, '2016-12-22 15:45:15', '2016-12-22 15:45:15'),
(12, 'El logro de la película está en la estupenda descripción del ambiente y cómo de la conjunción de viento, arena, mar y cielo emerge un relato macizo. (...) ', 'Jordi Batlle Caminal', 'Fotogramas', 2, 2, '2016-12-22 15:45:15', '2016-12-22 15:45:15'),
(13, 'Furman otorga ritmo y cierto estilo, pero en su contra juega la incapacidad para escapar del cliché (...) lo que lleva a la película a un terreno más cercano a la estupenda dignidad que a la ex...', 'Javier Ocaña', 'Diario El País', 2, 3, '2016-12-22 15:45:15', '2016-12-22 15:45:15'),
(14, 'Todo resulta verídico en una cinta de suspense en la que la violencia es contundente pero contada (...) ', 'Francisco Marinero', 'Diario El Mundo', 2, 3, '2016-12-22 15:45:15', '2016-12-22 15:45:15'),
(15, 'La solvencia del actor Bryan Cranston trazando contornos psicológicos se ve desasistida por un guion más plano que la dehesa (...) ', 'Nando Salvá', 'Diario El Periódico', 2, 3, '2016-12-22 15:45:15', '2016-12-22 15:45:15'),
(16, 'Furman decide revolverlo todo, a ver qué pasa, que para eso también produce (...) sigue buscando su estilo entre Heisenberg y ''Narcos''. (...) ', 'Carlos Marañón', 'Cinemanía', 2, 3, '2016-12-22 15:45:15', '2016-12-22 15:45:15'),
(17, 'Ni Cranston, entregado como siempre, levanta una confusa trama por la que desfilan clichés y personajes secundarios, a cuál peor dibujado (...) ', 'Roger Salvans', 'Fotogramas', 2, 3, '2016-12-22 15:45:15', '2016-12-22 15:45:15'),
(18, 'Bryan Cranston consigue un papel digno de su capacidad de volverse malvado en un tenso y emocionante drama sobre la vida de los agentes encubiertos en el mundo de las drogas.', 'Owen Gleiberman', 'Variety', 2, 3, '2016-12-22 15:45:15', '2016-12-22 15:45:15'),
(19, 'Cranston cambia su personaje de tipo medio a un psicópata enfurecido: y te lo crees totalmente. Él es extraordinario. Una lástima que la película sea lo mismo de siempre (...) ', 'Peter Travers', 'Rolling Stone', 2, 3, '2016-12-22 15:45:15', '2016-12-22 15:45:15'),
(20, 'A veces el tono elegido para contar una historia puede acabar derrumbándola. Y aquí se suma la falta de talento del director', 'Javier Ocaña', 'Diario El País', 2, 4, '2016-12-22 15:45:16', '2016-12-22 15:45:16'),
(21, 'Sean Ellis no alcanza a cargar de verdadera tensión las secuencias en las que se juega la credibilidad de un relato del que muchos conocen el final. (...) adolece de una mirada más bien simplona...', 'Alberto Bermejo', 'Diario El Mundo', 2, 4, '2016-12-22 15:45:16', '2016-12-22 15:45:16'),
(22, 'Reconstruye de manera fiel la operación del mismo nombre (...) La última parte del filme es excelente (...) ', 'Quim Casas', 'Diario El Periódico', 2, 4, '2016-12-22 15:45:16', '2016-12-22 15:45:16'),
(23, 'Aunque entretenida en su conjunto, (...) peca de un encorsetamiento casi telefílmico del que escapa en momentos puntuales (...) una vibrante recta final (...) ', 'Álex Montoya', 'Fotogramas', 2, 4, '2016-12-22 15:45:16', '2016-12-22 15:45:16'),
(24, 'Cinta (...) modesta y eficaz (...) un thriller de guerra que interesará a los amantes del género (como quien suscribe) sin que en su metraje haya ningún prodigio. (...) ', 'Yago García', 'Cinemanía', 2, 4, '2016-12-22 15:45:16', '2016-12-22 15:45:16'),
(25, '''Anthropoid'' reduce un pedazo fascinante y resonante de la historia de la Segunda Guerra Mundial a confusión moral y cine monótono. (...) ', 'Peter Travers', 'Rolling Stone', 2, 4, '2016-12-22 15:45:16', '2016-12-22 15:45:16'),
(26, '''Anthropoid'' es una película a la que le podría haber ido bien más acción para sacar a relucir los dilemas de los personajes (...) Los personajes carecen de individualidad y Dornan y Murphy po...', 'Boyd van Hoeij', 'The Hollywood Reporter', 2, 4, '2016-12-22 15:45:16', '2016-12-22 15:45:16'),
(27, 'Tan convencional como finalmente hasta intranscendente. Es difícil sacudirse la idea una vez acabada la película de que todo lo visto sea algo más que anécdota.', 'Luis Martínez', 'Diario El Mundo', 2, 5, '2016-12-22 15:45:16', '2016-12-22 15:45:16'),
(28, 'Vinterberg sigue siendo monotemático cuando le da por pulsar la nota melodramática, pero también parece haber dejado atrás su impronta tremendista. ''La comuna'' no es redonda, pero sí madura, ...', 'Jordi Costa', 'Diario El País', 2, 5, '2016-12-22 15:45:16', '2016-12-22 15:45:16'),
(29, 'No molesta tanto lo convencional del relato sino algunas de las trampas que Vinterberg tiende al espectador para conmoverlo', 'Sergi Sánchez', 'Fotogramas', 2, 5, '2016-12-22 15:45:16', '2016-12-22 15:45:16'),
(30, '''La comuna'' es un entramado de situaciones inverosímiles y de personajes que no se comportan como gente normal sino como meros títeres de un guion desesperado por impactar en nuestras emociones', 'Nando Salvá', 'Diario El Periódico', 2, 5, '2016-12-22 15:45:16', '2016-12-22 15:45:16'),
(31, 'Vinterberg (...) llega a nuevas cotas de convencionalidad y efectismo, corroborando su capacidad como narrador, pero también su habilidad para proponer reglas que él es el primer interesado en r...', 'Roger Salvans', 'Fotogramas', 2, 5, '2016-12-22 15:45:16', '2016-12-22 15:45:16'),
(32, 'Muy formal y clásica (...) Si bien Vinterberg recrea con gracia la forja de la comuna (...) no logra intelectualizar la moraleja sociológica de su experimento. (...) ', 'Andrea G. Bermejo', 'Cinemanía', 2, 5, '2016-12-22 15:45:16', '2016-12-22 15:45:16'),
(33, 'Una comedia coral tierna pero leve (...) ''The Commune'' entretiene sin esfuerzo al nivel de una sitcom televisiva (...) pero como cine serio, parece limitada', 'Stephen Dalton', 'The Hollywood Reporter', 2, 5, '2016-12-22 15:45:16', '2016-12-22 15:45:16'),
(34, 'Una película que impone un tono excesivamente enfático a una historia demasiado frágil como para transmitir la supuesta perturbación que rigió este romance condenado.', 'Jordi Costa', 'Diario El País', 2, 6, '2016-12-22 15:45:16', '2016-12-22 15:45:16'),
(35, 'No da tregua ni ningún asidero al espectador al no posicionarse jamás con ninguno de los dos protagonistas (...) Nada complaciente retrato pero por descontado que a años luz (en términos posit...', 'Fausto Fernández', 'Fotogramas', 2, 6, '2016-12-22 15:45:16', '2016-12-22 15:45:16'),
(36, 'Al final, o al principio -dependiendo de cómo cada cual afronte la trama-, el empalagamiento de Aslan (...) cobra sentido, pero no exonera de la falta de destreza narrativa (...) exhibida hasta e...', 'Sergio F. Pinilla', 'Cinemanía', 2, 6, '2016-12-22 15:45:16', '2016-12-22 15:45:16'),
(37, 'Una comedia necesariamente absurda, ligeramente surreal y siempre lúcida que es una reflexión de la crisis actual (...) ', 'Luis Martínez', 'Diario El Mundo', 2, 7, '2016-12-22 15:45:16', '2016-12-22 15:45:16'),
(38, 'Podría formar un inmejorable díptico moral con ''Los exámenes'' de Cristian Mungiu (...) ''El tesoro'' tiene la virtud de la continua ruptura de expectativas. Nunca ocurre lo que se espera', 'Javier Ocaña', 'Diario El País', 2, 7, '2016-12-22 15:45:16', '2016-12-22 15:45:16'),
(39, 'Porumboiu, magistral, (...) eleva su elocuencia hasta trascender los finales felices para situarlos en otro estadio ulterior: el de los finales valiosos. (...) ', 'Carlos Marañón', 'Cinemanía', 2, 7, '2016-12-22 15:45:16', '2016-12-22 15:45:16'),
(40, 'Apoyado en una trama tan picaresca como mínima (...), Porumboiu, que empieza haciendo alusión a Robin Hood, se complace en desnaturalizar la búsqueda del tesoro, purgándola de todo glamour ave...', 'Philipp Engel', 'Fotogramas', 2, 7, '2016-12-22 15:45:16', '2016-12-22 15:45:16'),
(41, 'Una minimalista película de autor con algunos giros inesperados (...) ''Comoara'' sigue confirmando el estatus de Porumboiu como una de las mentes más fascinantes del cine actual', 'Jordan Mintzer', 'The Hollywood Reporter', 2, 7, '2016-12-22 15:45:17', '2016-12-22 15:45:17'),
(42, 'La película es una inusual mezcla de alegría y cinismo. (...) ', 'Farran Smith Nehme', 'New York Post', 2, 7, '2016-12-22 15:45:17', '2016-12-22 15:45:17'),
(43, '''The Treasure'' es (...) sombría, estoica y cubierta de una empatía frenética y exasperada por sus ridículos personajes.', 'A. O. Scott', 'The New York Times', 2, 7, '2016-12-22 15:45:17', '2016-12-22 15:45:17'),
(44, 'Forero adopta una perspectiva pausada y contemplativa. (...) Ese enfoque funciona muy bien en la primera historia, (...) en los otros dos segmentos las deficiencias de actuación y de puesta en es...', 'Mauricio Reina', 'Diario El Tiempo', 2, 8, '2016-12-22 15:45:18', '2016-12-22 15:45:18'),
(45, 'La ópera prima de Forero indaga valientemente sobre la fisiología de la violencia. No todo en ella es revelador, pero, en conjunto, el largometraje se constituye en una pieza estimulante y disti...', 'Felipe González', 'Diario El Espectador', 2, 8, '2016-12-22 15:45:18', '2016-12-22 15:45:18'),
(46, 'Una película pensada para detonar en las retinas. (...) Todo salvaje, cada plano tan contrario al supuesto espíritu pacificador del protagonista que, en efecto, acaba por ser revelador. (...) un...', 'Luis Martínez', 'Diario El Mundo', 2, 9, '2016-12-22 15:45:19', '2016-12-22 15:45:19'),
(47, 'Con un puñado de excelentes actuaciones y el brío natural que poseen los trabajos de Gibson, su nueva película vuelve a ser un sermón poco sutil que, en su fascinante visualización, se convie...', 'Javier Ocaña', 'Diario El País', 2, 9, '2016-12-22 15:45:19', '2016-12-22 15:45:19'),
(48, 'Gibson (...) narra este relato épico y bélico de un modo espectacular e hipnótico, con unas escenas de batalla brutales, dolorosas, espantosas (...) una de las películas de guerra más impresi...', 'Oti Rodríguez Marchante', 'Diario ABC', 2, 9, '2016-12-22 15:45:19', '2016-12-22 15:45:19'),
(49, 'Lo que quedará para la Historia es un fragmento de cine puro, guerra cruenta que haría las delicias de Sam Fuller, donde Gibson se hace paradoja: el pacifista más sangriento del mainstream yanq...', 'Sergi Sánchez', 'Fotogramas', 2, 9, '2016-12-22 15:45:19', '2016-12-22 15:45:19'),
(50, '[Gibson] eleva un argumento que habría podido devenir en telefilme de héroe de sobremesa a la categoría de dignísimo cine de la II Guerra Mundial (...) una de las mejores (y más duras) s...', 'Carlos Marañón', 'Cinemanía', 2, 9, '2016-12-22 15:45:19', '2016-12-22 15:45:19'),
(51, 'Gibson filma la historia casi como un milagro, porque aunque ocurrió realmente, parece una ficción. Y frente al pacifismo de Doss, rueda con contundencia casi gore la batalla (...) ', 'Quim Casas', 'Diario El Periódico', 2, 9, '2016-12-22 15:45:19', '2016-12-22 15:45:19'),
(52, 'El contundente regreso de Gibson es un violento drama sobre pacifismo que acierta combinando el horror con la honra. (...) vuelve a demostrar que es un potente contador de historias que sabe exact...', 'David Rooney', 'The Hollywood Reporter', 2, 9, '2016-12-22 15:45:19', '2016-12-22 15:45:19'),
(53, 'La vis cómica del reparto completa un panorama desinhibido que, sin pretender inventar la pólvora, cumple expectativas. Lo que hace de ''Fiesta de empresa'' la película perfecta para ver el día ...', 'Javier Ocaña', 'Diario El País', 2, 10, '2016-12-22 15:45:19', '2016-12-22 15:45:19'),
(54, 'Todo es muy previsible (...) una comedia clásica navideña norteamericana con todo lo que eso conlleva. (...) ', 'José Manuel Cuéllar', 'Diario ABC', 2, 10, '2016-12-22 15:45:19', '2016-12-22 15:45:19'),
(55, 'Es mucho menos gamberra e irreverente de lo que tan desesperadamente pretende ser (...) Un buen puñado de sus gags funcionan, pero el tráiler incluye no solo los mejores chistes que están en la...', 'Nando Salvá', 'Diario El Periódico', 2, 10, '2016-12-22 15:45:19', '2016-12-22 15:45:19'),
(56, 'Ordenado desorden, con esa implacable seguridad de que todo va a ir desbocándose irremediable y divertidamente (...) Bendito caos. (...) ', 'Fausto Fernández', 'Fotogramas', 2, 10, '2016-12-22 15:45:19', '2016-12-22 15:45:19'),
(57, 'La mayor fuerza de ''Office Christmas Party'' es su reparto. Si tienes a dos fabulosos bichos raros como Kate McKinnon y T.J.Miller en papeles principales, están destinados a ser más que las risas...', 'Katie Walsh', 'Los Angeles Times', 2, 10, '2016-12-22 15:45:19', '2016-12-22 15:45:19'),
(58, '''Office Christmas Party'' no tiene ningún tipo de filo satírico (...) Es un frenético cajón de sastre de trucos agotados, aunque expertamente realizados por estelares actores cómicos', 'Sheri Linden', 'The Hollywood Reporter', 2, 10, '2016-12-22 15:45:19', '2016-12-22 15:45:19'),
(59, 'A pesar de un reparto coral eminentemente simpático (...) las partes individuales nunca llegan a encajar plenamente en un trabajo de equipo de calidad (...) ', 'Richard Roeper', 'Chicago Sun-Times', 2, 10, '2016-12-22 15:45:19', '2016-12-22 15:45:19'),
(60, 'Una película perfecta como un palíndromo. (...)  la piel de la pantalla se eriza en un escalofrío tan delicado, tan cálido, tan sorprendente que todo se quiere diferente.', 'Luis Martínez', 'Diario El Mundo', 2, 11, '2016-12-22 15:45:20', '2016-12-22 15:45:20'),
(61, 'Pocas películas han sabido poner en imágenes el proceso creativo de un poeta de una manera tan simple y hermosa, como si cada plano fuera una palabra escrita en el agua. (...) sí, ''Paterson'' es...', 'Sergi Sánchez', 'Diario La Razón', 2, 11, '2016-12-22 15:45:20', '2016-12-22 15:45:20'),
(62, '''Paterson'' me engancha desde el principio y me despido de ella con una agradecida sonrisa y un gesto de ternura. (...) es extraña en el mejor sentido, hipnótica, perturbadora, bonita.', 'Carlos Boyero', 'Diario El País', 2, 11, '2016-12-22 15:45:20', '2016-12-22 15:45:20'),
(63, 'Esta es una crítica fervorosa destinada a quienes aman las películas del director: ''Paterson'' es una obra maestra del destilado narrativo, de la observación de las pequeñas cosas (...) ', 'Quim Casas', 'Diario El Periódico', 2, 11, '2016-12-22 15:45:20', '2016-12-22 15:45:20'),
(64, 'Torrente de sencillez, de profundísima sencillez, de esta obra maestra (...) Película maravillosa, nutritiva y que Jarmusch nos la cocina con el máximo gusto, cuidando el detalle de repetir sin...', 'Oti Rodríguez Marchante', 'Diario ABC', 2, 11, '2016-12-22 15:45:20', '2016-12-22 15:45:20'),
(65, 'El Jim Jarmusch más romántico, poético y hasta zen nos enseña a apreciar las pequeñas cosas. Una obra maestra minimalista. (...) ', 'Irene Crespo', 'Cinemanía', 2, 11, '2016-12-22 15:45:20', '2016-12-22 15:45:20'),
(66, 'Nueva pieza de orfebrería fílmica del director (...) La fuerza lírica de ''Paterson'' se filtra por todos los poros de la película (...) Jarmusch como el poeta de lo cotidiano, un poeta de la ot...', 'Manu Yáñez', 'Fotogramas', 2, 11, '2016-12-22 15:45:20', '2016-12-22 15:45:20'),
(67, 'Biopic decente, pulcro y muy aseado. Y poco más. (...) El problema es que el magnetismo de la historia que se adivina apenas encuentra en la pantalla una traducción plana, preciosista y más pen...', 'Luis Martínez', 'Diario El Mundo', 2, 12, '2016-12-22 15:45:20', '2016-12-22 15:45:20'),
(68, 'Una película sobre la literatura que ni es literaria ni es cinematográfica. (...) se deja ver por el mito, porque lo que se vislumbra tras sus imágenes es apasionante historia de la literatura.', 'Javier Ocaña', 'Diario El País', 2, 12, '2016-12-22 15:45:20', '2016-12-22 15:45:20'),
(69, 'Película impecable, vestida, escrita y dicha con notable gusto y elegancia (...) pero hay un vuelco de pasión, o de verdad, que la película no llega a derramar por completo, como si fuera una e...', 'Oti Rodríguez Marchante', 'Diario ABC', 2, 12, '2016-12-22 15:45:20', '2016-12-22 15:45:20'),
(70, 'La película fracasa por su ramplonería narrativa, su recurso a clichés como el del escritor torturado y, sobre todo, por la increíblemente histriónica interpretación de Law', 'Nando Salvá', 'Diario El Periódico', 2, 12, '2016-12-22 15:45:20', '2016-12-22 15:45:20'),
(71, 'Hay películas británicas que están cortadas por el mismo patrón. ''El discurso del rey'', ''The Danish Girl'' y ahora este ''Genius'' pertenecen a esa categoría. (...) una película olvidable.', 'Sergi Sánchez', 'Fotogramas', 2, 12, '2016-12-22 15:45:20', '2016-12-22 15:45:20'),
(72, 'El filme resulta esclarecedor y lúcido en lo que relata y muestra. (...) ', 'Sergio F. Pinilla', 'Cinemanía', 2, 12, '2016-12-22 15:45:20', '2016-12-22 15:45:20'),
(73, 'El tono pulcro, tan académico, de la dirección, lastra en parte la fascinación de la historia y el gran trabajo interpretativo de Colin Firth (...) ', 'Quim Casas', 'Diario El Periódico', 2, 12, '2016-12-22 15:45:20', '2016-12-22 15:45:20'),
(74, 'Mezcla ''slapstick'' facilón y escenas de acción ramplonas. Su previsibilidad y su falta de energía serían disculpables si al menos fueran acompañadas de risas (...) Lo más decepcionante es qu...', 'Nando Salvá', 'Diario El Periódico', 2, 13, '2016-12-22 15:45:20', '2016-12-22 15:45:20'),
(75, '''Keeping Up with the Joneses'' no es mala, simplemente es olvidable (...) Hay más que unas cuantas frases divertidas, pero están socavadas por un mensaje excesivamente sensiblero', 'Devan Coggan', 'Entertainment Weekly', 2, 13, '2016-12-22 15:45:20', '2016-12-22 15:45:20'),
(76, 'No se puede culpar de la ausencia de risas a la falta de talentos. La utilitaria estructura de la película y la inexistente química entre sus estrellas son una sorpresa por parte del director Gr...', 'Ben Kenigsberg', 'The New York Times', 2, 13, '2016-12-22 15:45:20', '2016-12-22 15:45:20'),
(77, 'Un agradable pasatiempo', 'Owen Gleiberman', 'Variety', 2, 13, '2016-12-22 15:45:20', '2016-12-22 15:45:20'),
(78, 'Greg Mottola ha hecho algunas contribuciones estupendas a la comedia en la gran pantalla (...) pero su nueva película, ''Keeping Up With the Joneses'', decididamente, no es una de ellas', 'Jon Frosch', 'The Hollywood Reporter', 2, 13, '2016-12-22 15:45:20', '2016-12-22 15:45:20'),
(79, 'Este agujero negro es una pérdida de tiempo para su talentoso reparto pero también es una pérdida de tiempo para el público, que no ofrece risas, ni ideas, ni nuevas perspectivas, nada', 'Alonso Duralde', 'The Wrap', 2, 13, '2016-12-22 15:45:20', '2016-12-22 15:45:20'),
(80, 'Un trabajo bastante confuso que ni siquiera empieza a explorar el potencial cómico de su premisa (...) ', 'Chris Hewitt', 'Empire', 2, 13, '2016-12-22 15:45:20', '2016-12-22 15:45:20'),
(81, 'Apuesta por dos vertientes del humor. Por un lado, la comedia de situación, (...) y la comedia física, algo que se le da muy bien a Zach Galifianakis, (...) La combinación al final resulta poco...', 'Javier Pérez', 'Cine Premiere', 2, 13, '2016-12-22 15:45:20', '2016-12-22 15:45:20'),
(82, 'Con unos magníficos José Ángel Egido y Pablo Derqui y una deslumbrante Bárbara Lennie (...) hace sociología familiar sin dar la charla (...) como un experimento metacinematográfico de divers...', 'Javier Ocaña', 'Diario El País', 2, 14, '2016-12-22 15:45:20', '2016-12-22 15:45:20'),
(83, 'A uno le gusta decir que determinadas películas son un documental de un actor (...) pues esto es uno de esos documentos irrepetibles de una actriz en estado de gracia. (...) ', 'Antonio Weinrichter', 'Diario ABC', 2, 14, '2016-12-22 15:45:20', '2016-12-22 15:45:20'),
(84, 'Bascula muy bien del protagonismo individual (...) al colectivo (...) Relaciones más firmes o distantes, cambios (...) y una sensación de franqueza dramática muy a tener en cuenta. (...) ', 'Quim Casas', 'Diario El Periódico', 2, 14, '2016-12-22 15:45:20', '2016-12-22 15:45:20'),
(85, 'Nely Reguera arma de sencillez narrativa, humor galleguiño y naturalidad su ópera prima (...) Película generacional sobre la casamentera aspiracional.  (...) ', 'Andrea G. Bermejo', 'Cinemanía', 2, 14, '2016-12-22 15:45:20', '2016-12-22 15:45:20'),
(86, '[Reguera] logra un perfecto maridaje de melodrama (contenido) y comedia (de sutil humor de observación de conductas), y se diría que pauta con metrónomo cada secuencia en la que no sobra ni fal...', 'Jordi Batlle Caminal', 'Fotogramas', 2, 14, '2016-12-22 15:45:20', '2016-12-22 15:45:20'),
(87, 'La vida de Liliana Pereira (...) en dos tiempos: [el primero] aunque comedido, no deja de ser un relato algo convencional (...) El tiempo presente, (...) los contrastes entre las ideas y las forma...', 'Quim Casas', 'Diario El Periódico', 2, 15, '2016-12-22 15:45:21', '2016-12-22 15:45:21'),
(88, 'Documento esclarecedor, doloroso e imprescindible (...) actores todos espléndidos, pero entre los que destaca el descubrimiento de la deslumbrante Justina Bustos, un verdadero hallazgo. (...) ', 'Mirito Torreiro', 'Fotogramas', 2, 15, '2016-12-22 15:45:21', '2016-12-22 15:45:21'),
(89, 'Lo que se cuenta es tan trágico como cabría esperar y es quizá esa previsibilidad su punto débil. (...) ', 'Federico Marín Bellón', 'Diario ABC', 2, 15, '2016-12-22 15:45:21', '2016-12-22 15:45:21'),
(90, 'Presenta un primer tercio ante el que muchos pueden arrugar la nariz, por su presentación ramplona y sus diálogos expositivos, para después (...) entrar en su verdadero meollo (...) La denun...', 'Yago García', 'Cinemanía', 2, 15, '2016-12-22 15:45:21', '2016-12-22 15:45:21'),
(91, 'Musker y Clements aplican el patrón que, a partir de ''La sirenita'', reformuló la clásica mitología de las princesas disney en relatos de emancipación y autoafirmación femenina (...)  La fuer...', 'Jordi Costa', 'Diario El País', 2, 16, '2016-12-22 15:45:21', '2016-12-22 15:45:21'),
(92, 'Tan artera como brillante (...) Un guion tan previsible como contrastado en el que todas las piezas encajan sin grandes sorpresas. (...) ', 'Luis Martínez', 'Diario El Mundo', 2, 16, '2016-12-22 15:45:21', '2016-12-22 15:45:21'),
(93, 'Lo último de Disney, hábil y resultón, proclama la necesidad de tomar riesgos pero no acaba de predicar con el ejemplo (...) ', 'Nando Salvá', 'Diario El Periódico', 2, 16, '2016-12-22 15:45:21', '2016-12-22 15:45:21'),
(94, 'Aparte de la textura técnica, impecable (...) hay otras virtudes muy a tener en cuenta: la rigurosidad cultural, el optimismo de la cinta (...) y, sobre todo, la profundidad de los personajes ane...', 'José Manuel Cuéllar', 'Diario ABC', 2, 16, '2016-12-22 15:45:21', '2016-12-22 15:45:21'),
(95, 'La animación de Vaiana es magistral y su banda sonora, la mejor que ha facturado el estudio (sin exagerar) en dos décadas (...) ', 'David Bernal', 'Cinemanía', 2, 16, '2016-12-22 15:45:21', '2016-12-22 15:45:21'),
(96, 'Está repleta de ideas brillantes (...) escenas burbujeantes (...) y de citas pertinentes al gran maestro Miyazaki (...) Es una fiesta de colores, texturas y líneas redondeadas (...) ', 'Sergi Sánchez', 'Fotogramas', 2, 16, '2016-12-22 15:45:21', '2016-12-22 15:45:21'),
(97, 'Una delicia (...) Igualmente atrayente para los ojos, los oídos, el corazón y el sentido de la diversión, ''Moana'' representa al más excelente Disney contemporáneo', 'Michael Rechtshaffen', 'The Hollywood Reporter', 2, 16, '2016-12-22 15:45:21', '2016-12-22 15:45:21'),
(98, 'Esta película tiene factura de buen cine (...) Un guion complejo y trabajado, con algunos diálogos inquietantes (...) bien producida, escrita, interpretada y contada. (...) es un producto muy di...', 'Carlos Boyero', 'Diario El País', 2, 17, '2016-12-22 15:45:21', '2016-12-22 15:45:21'),
(99, 'Rodada con empaque y elegancia, se sustenta sobre el gran trabajo de su poderoso reparto (...) ', 'Alberto Bermejo', 'Diario El Mundo', 2, 17, '2016-12-22 15:45:21', '2016-12-22 15:45:21'),
(100, 'El guionista y el director se manejan con habilidad cinematográfica en el cliché (...) Hay esfuerzo en equilibrar lo que la historia tiene de gesta con lo que tiene de ridículo, de grotesco (...) ', 'Oti Rodríguez Marchante', 'Diario ABC', 2, 17, '2016-12-22 15:45:21', '2016-12-22 15:45:21'),
(101, 'Pese a algunos pasajes dilatados y curiosos bandazos de amor-odio patriota, queda un sendero, si no glorioso, al menos riguroso y noblote (...) ', 'Javier Cortijo', 'Cinemanía', 2, 17, '2016-12-22 15:45:21', '2016-12-22 15:45:21'),
(102, 'Superproducción histórica de factura tan impecable como ortopédica. El resultado no deja de ser televisión de lujo para las grandes audiencias. (...) ', 'Beatriz Martínez', 'Diario El Periódico', 2, 17, '2016-12-22 15:45:21', '2016-12-22 15:45:21'),
(103, 'Obra ante todo antibelicista, a caballo entre la majestuosidad de sus planos aéreos y la depuración formal necesaria para sitiar la cámara (...) ', 'Gerard A. Cassadó', 'Fotogramas', 2, 17, '2016-12-22 15:45:21', '2016-12-22 15:45:21'),
(104, 'Espectacular e impresionante, aunque no demasiado sutil (...) ''1898'' ofrece pocas novedades, pero sigue siendo lo más cercano que el cine español ha llegado a la mayoría de edad al acercarse al...', 'Jonathan Holland', 'The Hollywood Reporter', 2, 17, '2016-12-22 15:45:21', '2016-12-22 15:45:21'),
(105, 'Virtuosa en su meticulosidad, la cinta acierta a guiar al espectador por un laberinto tan magnético como turbio. Lástima de esa fascinación, cerca de la impostura, de Ford por las formas, el or...', 'Luis Martínez', 'Diario El Mundo', 2, 18, '2016-12-22 15:45:22', '2016-12-22 15:45:22'),
(106, 'Ford elabora un filme compacto y brillante (...) Es una película llena de inteligencia, habilidosa en algunos tramos, inquietante en casi todos (...) ', 'José Manuel Cuéllar', 'Diario ABC', 2, 18, '2016-12-22 15:45:22', '2016-12-22 15:45:22'),
(107, 'Una película formada por una suma de magnéticos momentos que, sin embargo, no acaban de empastar en un discurso con un nivel de trascendencia acorde con sus intenciones.', 'Javier Ocaña', 'Diario El País', 2, 18, '2016-12-22 15:45:22', '2016-12-22 15:45:22'),
(108, 'Funciona como una colección de poses dotadas la hondura emocional de un anuncio de Gucci (...) ', 'Nando Salvá', 'Diario El Periódico', 2, 18, '2016-12-22 15:45:22', '2016-12-22 15:45:22'),
(109, 'Ford se mueve entre el relato ficticio y la introspección casi mental de la protagonista (...) Película sobre la culpa que consigue transitar lugares inesperados impregnados de una melancolía t...', 'Beatriz Martínez', 'Fotogramas', 2, 18, '2016-12-22 15:45:22', '2016-12-22 15:45:22'),
(110, 'Bajo una apariencia de diseño e interpretaciones de lujo, Tom Ford expone de qué forma embriagadora e inquietante puede afectarnos la ficción. (...) ', 'Daniel De Partearroyo', 'Cinemanía', 2, 18, '2016-12-22 15:45:22', '2016-12-22 15:45:22'),
(111, 'Ford respeta el material de origen, haciendo algunos cambios audaces - algunos dirían que gratuitos - para ofrecer un thriller oscuro y moderno que se inclina hacia la exageración, pero que sigu...', 'Fionnuala Halligan', 'Screendaily', 2, 18, '2016-12-22 15:45:22', '2016-12-22 15:45:22'),
(112, 'Una vez más, el problema de Velilla y sus coguionistas habituales son los diálogos. (...) los rancios chistes cuarteleros, de vergüenza ajena, hunden cada secuencia.', 'Javier Ocaña', 'Diario El País', 2, 19, '2016-12-22 15:45:23', '2016-12-22 15:45:23'),
(113, 'Oda al mal gusto, un espectáculo-grotesco y retrógrado que utiliza la doble moral que anida en nuestro país para desplegar una batería de chistes sonrojantes que demuestran que la sutilidad es...', 'Beatriz Martínez', 'Diario El Periódico', 2, 19, '2016-12-22 15:45:23', '2016-12-22 15:45:23'),
(114, 'Lo que se le reprocha es que el trazado sea basto y vulgar, demasiado evidente todo (...) Todo es demasiado caricaturesco, estereotipado (...) ', 'José Manuel Cuéllar', 'Diario ABC', 2, 19, '2016-12-22 15:45:23', '2016-12-22 15:45:23'),
(115, 'Una farsa anticuada y sin embargo plagada de chistes coyunturales y fáciles y de estereotipos', 'Francisco Marinero', 'Diario El Mundo', 2, 19, '2016-12-22 15:45:23', '2016-12-22 15:45:23'),
(116, 'A pesar ser un filme sin mayores pretensiones que las de provocar carcajadas (...), la hilaridad se pierde entre diálogos repetitivos y tramas predecibles (...) Ni siquiera la genialidad de Carme...', 'Janire Zurbano', 'Cinemanía', 2, 19, '2016-12-22 15:45:23', '2016-12-22 15:45:23'),
(117, 'Radiografía, con brocha gorda pero implacablemente, los arquetipos de la sociedad española tan actual como eterna (...) A pesar de que se contenta con lo más fácil pudiendo haber sido más inc...', 'Fausto Fernández', 'Fotogramas', 2, 19, '2016-12-22 15:45:23', '2016-12-22 15:45:23'),
(118, 'Tan brillante como sucia, tan delicadamente exhibicionista como culpablemente ''voyeur''. (...) siempre con la cámara detenida en la pasión como el único combustible de la mirada.', 'Luis Martínez', 'Diario El Mundo', 2, 20, '2016-12-22 15:45:23', '2016-12-22 15:45:23'),
(119, 'Rodada de forma muy seductora, con imágenes hermosas y excitantes, (...) no es demasiado apasionante, pero el sentido del erotismo que muestra Park Chan-Wook le redime en parte.', 'Carlos Boyero', 'Diario El País', 2, 20, '2016-12-22 15:45:23', '2016-12-22 15:45:23'),
(120, 'Larga, como todas, y entretenida como pocas (...) No está a la altura ni de la amoralidad ni de la brutalidad de algunas otras de Park Chang-Wook, pero tiene un enorme encanto visual y dramático...', 'Oti Rodríguez Marchante', 'Diario ABC', 2, 20, '2016-12-22 15:45:23', '2016-12-22 15:45:23'),
(121, 'La precisión con que está contada la historia, abundante en ironías dramáticas y retruécanos sorprendentes, y el sanísimo deleite con que Chan-wook se acerca a las perversiones sadianas, hac...', 'Sergi Sánchez', 'Diario La Razón', 2, 20, '2016-12-22 15:45:23', '2016-12-22 15:45:23'),
(122, 'El último y espléndido trabajo de Park Chan-wook nos reconcilia con el director (...) Obra bella y perversa. (...) ', 'Quim Casas', 'Diario El Periódico', 2, 20, '2016-12-22 15:45:23', '2016-12-22 15:45:23'),
(123, 'La obra maestra del director coreano (...) una película de época en la que los juegos de espejos, engaños entre personajes y diferentes artimañas acaban por salpicar además a una narración q...', 'Pablo González Taboada', 'Cinemanía', 2, 20, '2016-12-22 15:45:23', '2016-12-22 15:45:23'),
(124, 'Park Chan-wook hace malabares con una cantidad de referentes muy dispares que maneja con una versatilidad asombrosa (...) Una sudorosa y elegante exhibición de poderío visual.', 'John Tones', 'Cinemanía', 2, 20, '2016-12-22 15:45:23', '2016-12-22 15:45:23'),
(125, 'En este nuevo acercamiento a los afectos y las imposturas de la maternidad, Anna Muylaert pretende ser original, aunque únicamente sea huidiza y poco profunda', 'Javier Ocaña', 'Diario El País', 2, 21, '2016-12-22 15:45:23', '2016-12-22 15:45:23'),
(126, 'No ofrece demasiadas sorpresas desde el punto de vista formal, pero destaca por su mirada comprensiva hacia casi todos sus personajes (...) se deja disfrutar. (...) ', 'Federico Marín Bellón', 'Diario ABC', 2, 21, '2016-12-22 15:45:23', '2016-12-22 15:45:23'),
(127, 'Anna Muylaert sigue indagando en la complejidad de las relaciones materno filiales (...) Lo mejor: El conjunto de las interpretaciones (...) Lo peor: Una subtrama de amoríos adolescentes innecesa...', 'Alberto Luchini', 'Diario El Mundo', 2, 21, '2016-12-22 15:45:23', '2016-12-22 15:45:23'),
(128, 'Pero si la primera parte es tan seca como emotiva, la segunda resulta algo simplista. (...) ', 'Quim Casas', 'Diario El Periódico', 2, 21, '2016-12-22 15:45:23', '2016-12-22 15:45:23'),
(129, 'Es una película incómoda, difícil de catalogar (...) La apuesta heterodoxa de Anna Muylaert se traduce en una película más suelta, menos organizada escénicamente que su cine anterior. ...', 'Sergio F. Pinilla', 'Cinemanía', 2, 21, '2016-12-22 15:45:23', '2016-12-22 15:45:23'),
(130, 'Un drama brasileño conmovedor y enérgico que convierte un tema potencialmente sombrío en un cálido estudio sobre la genética, el género y el verdadero significado del hogar.', 'Jordan Mintzer', 'The Hollywood Reporter', 2, 21, '2016-12-22 15:45:23', '2016-12-22 15:45:23'),
(131, 'La estrechez de su perspectiva y su duración relativamente breve de 82 minutos decepcionan, pero ''Do not Call Me Son'' todavía se las arregla para ser un retrato fascinante y comprensivo de un ni...', 'Stephen Holden', 'The New York Times', 2, 21, '2016-12-22 15:45:23', '2016-12-22 15:45:23'),
(132, 'Zemeckis se esfuerza en recuperar para el universo digital la sensación unitaria, cálida e intensa de lo analógico. El problema es la total ausencia de nervio, de emoción, de vida. (...) un me...', 'Luis Martínez', 'Diario El Mundo', 2, 22, '2016-12-22 15:45:24', '2016-12-22 15:45:24'),
(133, 'Zemeckis ha compuesto una competente película al modo vieja escuela, pero el resultado se queda en tibia fotocopia del resplandor del clasicismo', 'Javier Ocaña', 'Diario El País', 2, 22, '2016-12-22 15:45:24', '2016-12-22 15:45:24'),
(134, 'Logra por los pelos que su eficacia como homenaje al espíritu del Hollywood clásico supla sus carencias como relato de pasiones y traiciones en tiempos de guerra. (...) ', 'Nando Salvá', 'Diario El Periódico', 2, 22, '2016-12-22 15:45:24', '2016-12-22 15:45:24'),
(135, 'Es una bonita historia, hecha con el mejor de los gustos, con la epidermis perfecta, pero sin esa capa de crema hidratante que protege de la erosión del tiempo a las películas legendarias. (...) ', 'José Manuel Cuéllar', 'Diario ABC', 2, 22, '2016-12-22 15:45:24', '2016-12-22 15:45:24'),
(136, 'Se dedica a contarnos una historia romántica con la caligrafía de los maestros del cine silente (...) Película intimista sustentada en las magníficas interpretaciones de Marion Cotillard y Bra...', 'Fausto Fernández', 'Fotogramas', 2, 22, '2016-12-22 15:45:24', '2016-12-22 15:45:24'),
(137, 'Un intenso thriller de espionaje romántico de la vieja escuela (...) está hecha con un clasicismo ''modernizado'' ejecutado con el talento suficiente como para atraer al público. (...) tensa y ab...', 'Owen Gleiberman', 'Variety', 2, 22, '2016-12-22 15:45:24', '2016-12-22 15:45:24'),
(138, 'Guerra mundial ZZZZZ. (...) un monótono thriller de espías. (...) no hay química entre sus protagonistas Cotillard y Brad Pitt', 'David Rooney', 'The Hollywood Reporter', 2, 22, '2016-12-22 15:45:24', '2016-12-22 15:45:24'),
(139, 'Berg traza el camino con suma habilidad, pero también con valentía y riesgo (...) Un buen trabajo, sólido y muy profesional, puro acero para los barcos. (...) ', 'José Manuel Cuéllar', 'Diario ABC', 2, 23, '2016-12-22 15:45:25', '2016-12-22 15:45:25'),
(140, 'No ofrece ni la diversión típica del cine de acción, ni el suspense propio de un thriller ni la hondura emocional habitual en los dramas humanos (...) Logra generar considerable energía vi...', 'Nando Salvá', 'Cinemanía', 2, 23, '2016-12-22 15:45:25', '2016-12-22 15:45:25'),
(141, 'Lo más interesante, la perspectiva hiperrealista a la hora de adentrarnos en las entrañas de la plataforma, y la tensión (...) que el director consigue generar en determinados momentos. (...) ', 'Beatriz Martínez', 'Fotogramas', 2, 23, '2016-12-22 15:45:25', '2016-12-22 15:45:25'),
(142, 'La excitación es innegable. Para ser una película en la que no entiendes bien lo que está pasando el 75% del tiempo, ''Deepwater Horizon'' resulta muy emocionante.', 'Peter Debruge', 'Variety', 2, 23, '2016-12-22 15:45:25', '2016-12-22 15:45:25'),
(143, 'El director Peter Berg y la estrella Mark Wahlberg ofrecen de nuevo un drama duro sobre un incidente que creó un desastre ambiental y un escándalo en todo el mundo.', 'Todd McCarthy', 'The Hollywood Reporter', 2, 23, '2016-12-22 15:45:25', '2016-12-22 15:45:25'),
(144, 'Es una película emocionante con escenas impresionantes, sólidas interpretaciones y un clímax trepidante (...) Pero ver ''Deepwater Horizon'' e ignorar las circunstancias externas que rodean su cr...', 'Sam Fragoso', 'The Wrap', 2, 23, '2016-12-22 15:45:25', '2016-12-22 15:45:25'),
(145, 'Berg realiza un tremendo trabajo al arrojarnos a la acción (...) El director sacude la tierra bajo nuestros pies, dejando a los espectadores, en ocasiones, tan perdidos y desorientados como sus p...', 'Peter Travers', 'Rolling Stone', 2, 23, '2016-12-22 15:45:25', '2016-12-22 15:45:25'),
(146, 'La irregularidad en gags e interpretaciones, desarrollo y puesta en escena, se adueña del relato. (...) esta reina de España, con más sombras que luces, es un pálido reflejo de aquella niña d...', 'Javier Ocaña', 'Diario El País', 2, 24, '2016-12-22 15:45:25', '2016-12-22 15:45:25'),
(147, 'En la tradición de la mejor comedia española cuenta con unos actores secundarios que crean personajes memorables sin incurrir en la caricatura fácil (...) ', 'Francisco Marinero', 'Diario El Mundo', 2, 24, '2016-12-22 15:45:25', '2016-12-22 15:45:25'),
(148, 'Es un film de historia deslavazada, con una intriga como cantada en falsete (...) ', 'Oti Rodríguez Marchante', 'Diario ABC', 2, 24, '2016-12-22 15:45:25', '2016-12-22 15:45:25'),
(149, 'La camaradería sigue luciendo, entrañable (...) Atractiva propuesta plasmada de forma poco convincente, el filme queda deslavazado (...) ', 'Carlos Marañón', 'Cinemanía', 2, 24, '2016-12-22 15:45:25', '2016-12-22 15:45:25'),
(150, '[El] aroma melancólico [de Trueba] se encuentra más presente que nunca (...) Entre risas y llantos transcurre una película que, en cierta manera, termina siendo víctima de sí misma (...) ', 'Beatriz Martínez', 'Fotogramas', 2, 24, '2016-12-22 15:45:25', '2016-12-22 15:45:25'),
(151, 'Una dramedia histórica simpática pero poco memorable (...) ''La reina de España'' es la clase de proyecto que a los equipos de marketing les gusta calificar como ''clásico'', cuando en el fondo sa...', 'Jonathan Holland', 'The Hollywood Reporter', 2, 24, '2016-12-22 15:45:25', '2016-12-22 15:45:25'),
(152, 'El cineasta rumano se las arregla para confeccionar una delicada pieza de relojería muy cerca del desasosiego. (...) a la vez un retrato doloroso de Rumanía y, de paso, una sangrante radiografí...', 'Luis Martínez', 'Diario El Mundo', 2, 25, '2016-12-22 15:45:25', '2016-12-22 15:45:25'),
(153, 'Implacable, demoledora, perfecta película (...) Una obra mayor e inspiradora, complejísima y a la vez apasionante, que confirma la maestría del director', 'Javier Ocaña', 'Diario El País', 2, 25, '2016-12-22 15:45:25', '2016-12-22 15:45:25'),
(154, 'Reconoces el mismo escenario, la atmósfera turbia, la angustia que desprendía [''Cuatro meses, tres semanas y dos días''] (...) Pero si allí Mungiu lograba implicarte hasta extremos angustiosos,...', 'Carlos Boyero', 'Diario El País', 2, 25, '2016-12-22 15:45:25', '2016-12-22 15:45:25'),
(155, 'Mungiu brilla con ''Graduación'' (...) teje una complejísima red de dilemas morales (...) con la precisión y sobriedad asombrosas y el desinterés por juzgar de los que ya hizo gala en ''4 meses, ...', 'Nando Salvá', 'Diario El Periódico', 2, 25, '2016-12-22 15:45:25', '2016-12-22 15:45:25'),
(156, 'Mungiu desgrana, con una cadencia cuasi perfecta que parece medida por un metrónomo, escenas intensas y dolorosas para componer un fresco aparentemente muy local pero de una universalidad absolut...', 'Alberto Luchini', 'Diario El Mundo', 2, 25, '2016-12-22 15:45:25', '2016-12-22 15:45:25'),
(157, 'Mungiu, con su cine escueto, frío, abrumador y sugerente, viene a contar el efecto dilatador que una mentira, un acto torcido, consigue en los músculos de la moral del individuo, capaz de tapar ...', 'José Manuel Cuéllar', 'Diario ABC', 2, 25, '2016-12-22 15:45:25', '2016-12-22 15:45:25'),
(158, 'Mungiu elabora un vívido retrato de la maquinaria en movimiento de la corrupción (...) se cuida de mantener en pie la dignidad de sus protagonistas (...) ', 'Manu Yáñez', 'Fotogramas', 2, 25, '2016-12-22 15:45:25', '2016-12-22 15:45:25'),
(159, 'Es la mezcla perfecta de realidad y ficción, oscilando entre la espontaneidad propia de un documental y las licencias que la ficción permite. (...) ', 'Janire Zurbano', 'Cinemanía', 2, 26, '2016-12-22 15:45:25', '2016-12-22 15:45:25'),
(160, 'Oscila entre una ficción de corte casi mitológico y la ambición documental de registrar los sonidos y voces de la Costa da Morte (...) Sencilla y contundente (...) ', 'Gerard A. Cassadó', 'Fotogramas', 2, 26, '2016-12-22 15:45:25', '2016-12-22 15:45:25'),
(161, 'Coloca el asombro digital último modelo al servicio de la recuperación de un añorado cine infantil, que creía en la consistencia de sus improbables universos. (...) solo pierde de vista ese no...', 'Jordi Costa', 'Diario El País', 2, 27, '2016-12-22 15:45:26', '2016-12-22 15:45:26'),
(162, 'Magia demoledora (...) Lo mejor:  El espectáculo de efectos especiales y reconstrucción de época (...) Lo peor: Las situaciones concebidas para el despliegue de prodigios son reiterativas y no ...', 'Francisco Marinero', 'Diario El Mundo', 2, 27, '2016-12-22 15:45:26', '2016-12-22 15:45:26'),
(163, 'No transmite magia (...) Los personajes (...) son solo resultones aunque, eso sí, lo  suficiente como para que no veamos la existencia misma de ''Animales fantásticos'' meramente como una cínica ...', 'Nando Salvá', 'Diario El Periódico', 2, 27, '2016-12-22 15:45:26', '2016-12-22 15:45:26'),
(164, 'Lo que pudo haber pecado de rutinario y facilón para una nueva saga, se topa de repente con un filón bien nutrido, engrasado y de fácil acceso a un tuétano en el que, por supuesto, descolla la...', 'Carlos Marañón', 'Cinemanía', 2, 27, '2016-12-22 15:45:26', '2016-12-22 15:45:26'),
(165, 'El gran acierto y el tono, el estilo, (...) es su chispeante aspecto de screwball comedy charleston con flappers, clubs de jazz clandestinos y una pareja (...) que remite a los míticos Laurel y H...', 'Fausto Fernández', 'Fotogramas', 2, 27, '2016-12-22 15:45:26', '2016-12-22 15:45:26'),
(166, 'Las películas de ''Potter'' fueron tan bien concebidas que contienen infinitas posibilidades para más entradas, y ''Fantastic Beasts'' recoge el relevo en el momento correcto, sin repetir la fórmul...', 'Eric Kohn', 'Indiewire', 2, 27, '2016-12-22 15:45:26', '2016-12-22 15:45:26'),
(167, 'Ese encantador entretenimiento de J.K. Rowling ha regresado con fuerza al mundo de la magia en una lluvia de chispas sobrenaturales - y ha creado una gloriosa aventura de romance y fantasía. (...) ', 'Peter Bradshaw', 'The Guardian', 2, 27, '2016-12-22 15:45:26', '2016-12-22 15:45:26'),
(168, 'Toda la primera parte de la cinta discurre por la pantalla de manera deslumbrante. (...) Hipnótica, brillante, cautivadora. Más discutible es la ampulosidad (...) de la última mitad del metraje.', 'Luis Martínez', 'Diario El Mundo', 2, 28, '2016-12-22 15:45:27', '2016-12-22 15:45:27'),
(169, 'Extraña y poética ciencia ficción (...) una película pedagógica aunque nada discursiva, dotada de clima (...) posee una estética y una atmósfera muy especiales', 'Carlos Boyero', 'Diario El País', 2, 28, '2016-12-22 15:45:27', '2016-12-22 15:45:27'),
(170, 'La manera en que Denis Villeneuve enfoca la ciencia ficción es atrevida, bella e intensa (...) La complicidad y trabajo pausado de la actriz Amy Adams es también fundamental (...) ', 'Quim Casas', 'Diario El Periódico', 2, 28, '2016-12-22 15:45:27', '2016-12-22 15:45:27'),
(171, 'Es un festival de felices ideas visuales con ecos de Kubrick (...) y cuenta con una Amy Adams que es carne de Oscar.', 'Manu Yáñez', 'Fotogramas', 2, 28, '2016-12-22 15:45:27', '2016-12-22 15:45:27'),
(172, 'La emotividad (...) alcanza su máxima expresión como decantador de atmósferas y densidad emocional por centímetro cuadrado de fotograma. (...) ', 'Daniel De Partearroyo', 'Cinemanía', 2, 28, '2016-12-22 15:45:27', '2016-12-22 15:45:27'),
(173, 'Es admirable el modo en que el cineasta se acerca a la ciencia-ficción, desde una puesta en escena calculadamente perturbadora (...) ', 'Sergi Sánchez', 'Fotogramas', 2, 28, '2016-12-22 15:45:27', '2016-12-22 15:45:27'),
(174, '''Arrival'' es ciencia ficción en su forma más bella y provocativa (...) Se trata de una obra fascinante y vertiginosa de Villeneuve. (...) ', 'Robbie Collin', 'Telegraph', 2, 28, '2016-12-22 15:45:27', '2016-12-22 15:45:27'),
(175, 'Es una comedia trepidante, en lo oral, sobre los chascarrillos y cotilleos de la alta sociedad británica de 1790, deliciosa en su sátira, fina en su ironía, precisa en su retrato del arribismo ...', 'Nando Salvá', 'Diario El Periódico', 2, 29, '2016-12-22 15:45:28', '2016-12-22 15:45:28'),
(176, 'Diálogos (...) ingeniosos y verborreicos (...) Stillman consigue llevarse a su terreno la parafernalia del cine de época. (...) ', 'Andrea G. Bermejo', 'Cinemanía', 2, 29, '2016-12-22 15:45:28', '2016-12-22 15:45:28'),
(177, 'Refrescante y deliciosa comedia de época (...) Irradia encanto en cada secuencia, ágil y sintético (...) El humor es un prodigio de sutileza (...) ', 'Jordi Batlle Caminal', 'Fotogramas', 2, 29, '2016-12-22 15:45:28', '2016-12-22 15:45:28'),
(178, 'Un relato vivaz, ágil, sobre todo divertido, con una ambientación sencilla pero eficaz y verosímil (...) ', 'Alberto Bermejo', 'Diario El Mundo', 2, 29, '2016-12-22 15:45:28', '2016-12-22 15:45:28'),
(179, 'Un texto epistolar que Whit Stillman ha convertido al modo dialogado con ingenio y elegancia, (...) Una delicia de película (...) ', 'Antonio Weinrichter', 'Diario ABC', 2, 29, '2016-12-22 15:45:28', '2016-12-22 15:45:28'),
(180, 'Con un enfoque fresco, así como campechano y animoso, esta innovadora adaptación (...) resulta alegre en la mayor parte de su escaso metraje, pero carece del punch emocional que se encuentra en ...', 'Todd McCarthy', 'The Hollywood Reporter', 2, 29, '2016-12-22 15:45:28', '2016-12-22 15:45:28'),
(181, 'Una adaptación extremadamente elegante y delicadamente afiligranada (...) Con su amor por la ropa elegante y la dicción con clase, Whit Stillman demuestra una nada sorprendente facilidad intuiti...', 'Justin Chang', 'Variety', 2, 29, '2016-12-22 15:45:28', '2016-12-22 15:45:28'),
(182, 'Una película que ni enfada ni divierte, académica en el peor sentido de la palabra, que parece facturada por un algoritmo matemático', 'Javier Ocaña', 'Diario El País', 2, 30, '2016-12-22 15:45:28', '2016-12-22 15:45:28'),
(183, 'Una rutinaria procesión de bofetadas tan reaccionariamente inocentes que dan en soporíferas. El problema es que el material de base es tan ridículo y poco convincente que saltan las costuras en...', 'Luis Martínez', 'Diario El Mundo', 2, 30, '2016-12-22 15:45:28', '2016-12-22 15:45:28'),
(184, 'Thriller de acción fácilmente intercambiable con la producción más rutinaria que manufacturaba el género durante los 90 (...) Cruise y Cobie Smulders imponen su oficio, pero [su] quími...', 'Daniel De Partearroyo', 'Cinemanía', 2, 30, '2016-12-22 15:45:28', '2016-12-22 15:45:28'),
(185, 'Un cóctel con muchos ingredientes que Cruise administra con solvencia, y que Zwick hace funcionar como el competente artesano que es. (...) ', 'Mirito Torreiro', 'Fotogramas', 2, 30, '2016-12-22 15:45:28', '2016-12-22 15:45:28'),
(186, 'Una secuela de alto octanaje que se regodea en su absurdez (...) Palomitera, ridícula y disfrutable (...) ', 'Peter Bradshaw', 'The Guardian', 2, 30, '2016-12-22 15:45:28', '2016-12-22 15:45:28'),
(187, 'La primera era una porquería. Ésta es peor (...) ', 'Richard Roeper', 'Chicago Sun-Times', 2, 30, '2016-12-22 15:45:28', '2016-12-22 15:45:28'),
(188, 'Tom Cruise regresa (...) La estrella le da al héroe de acción de Lee Child agilidad, furia y un rápido ingenio en esta satisfactoria secuela (...) ', 'Peter Travers', 'Rolling Stone', 2, 30, '2016-12-22 15:45:28', '2016-12-22 15:45:28');
INSERT INTO `critics` (`id`, `text`, `ext_author`, `ext_media`, `user_id`, `movie_id`, `created_at`, `updated_at`) VALUES
(189, 'Histrionismo sin gracia. (...) [Ripoll] hace lo que puede con un material de derribo sin talento cómico ni emoción romántica.', 'Javier Ocaña', 'Diario El País', 2, 31, '2016-12-22 15:45:28', '2016-12-22 15:45:28'),
(190, 'Las cosas empiezan mal por la elección de la protagonista, con fallos que continúan hasta el desenlace (...) ', 'Francisco Marinero', 'Diario El Mundo', 2, 31, '2016-12-22 15:45:28', '2016-12-22 15:45:28'),
(191, 'Comedia romántica que se erige como signo de nuestro tiempo: un poco frívola por fuera y con mucha miseria ensimismada por dentro. (...) ', 'Beatriz Martínez', 'Fotogramas', 2, 31, '2016-12-22 15:45:28', '2016-12-22 15:45:28'),
(192, 'Echegui insufla fuerza y carácter a un personaje que podría pecar de insulso y predecible. (...) mantiene a flote una función a ratos simpática y divertida, pero desvirtuada (...) No se han de...', 'Janire Zurbano', 'Cinemanía', 2, 31, '2016-12-22 15:45:28', '2016-12-22 15:45:28'),
(193, 'Desternillante aproximación a los inconvenientes de la cultura. (...) Una delirante comedia tan lúcida como, finalmente, agria. Sin duda, memorable.', 'Luis Martínez', 'Diario El Mundo', 2, 32, '2016-12-22 15:45:28', '2016-12-22 15:45:28'),
(194, 'Duprat y Mariano Cohn no dejan títere con cabeza y su humor vitriólico apunta en todas las direcciones (...) Su aparato cómico rezuma bilis. (...) ', 'Beatriz Martínez', 'Diario El Periódico', 2, 32, '2016-12-22 15:45:28', '2016-12-22 15:45:28'),
(195, 'Excelente Oscar Martínez, merecidamente premiado en Venecia (...) Afilado relato salvaje, autocrítico y “pata-agóniico (...) ', 'Javier Cortijo', 'Cinemanía', 2, 32, '2016-12-22 15:45:28', '2016-12-22 15:45:28'),
(196, 'Una comedia inteligente y feroz, que divierte apelando a la complicidad del espectador (...) ', 'Alberto Bermejo', 'Diario El Mundo', 2, 32, '2016-12-22 15:45:28', '2016-12-22 15:45:28'),
(197, 'Innegable brillantez satírica (...) Nunca cae en la tentación de simpatizar con su protagonista; hace un retrato, a la vez inquietante e hilarante, de una comunidad rural empachada de miserias y...', 'Sergi Sánchez', 'Fotogramas', 2, 32, '2016-12-22 15:45:28', '2016-12-22 15:45:28'),
(198, 'Superficial, pero entretenida (...) El resultado final parece más un proyecto televisivo del montón que algo que debiera verse en la gran pantalla', 'Boyd van Hoeij', 'The Hollywood Reporter', 2, 32, '2016-12-22 15:45:28', '2016-12-22 15:45:28'),
(199, 'Sobre todo es el guión, las interpretaciones y el seguro sentido del ritmo cómico los que hacen que esta continuación de ''The Man Next Door'' de Cohn y Duprat sea una delicia.', 'Lee Marshall', 'Screendaily', 2, 32, '2016-12-22 15:45:28', '2016-12-22 15:45:28'),
(200, 'El tramo final de la película (...) sublima lo que su desarrollo ha ido sedimentando con suma delicadeza: una serena sabiduría vital.', 'Jordi Costa', 'Diario El País', 2, 33, '2016-12-22 15:45:28', '2016-12-22 15:45:28'),
(201, 'Kore-eda continúa hablando (...) de problemáticas relaciones familiares con ese estilo sereno y ya bien identificable, pero al mismo tiempo con un tono algo más acomodado que en trabajos anteri...', 'Quim Casas', 'Diario El Periódico', 2, 33, '2016-12-22 15:45:28', '2016-12-22 15:45:28'),
(202, 'El sentido del humor y casi del juego convierten el drama en una semicomedia en una película con un estilo y una narrativa serenos y realistas (...) ', 'Francisco Marinero', 'Diario El Mundo', 2, 33, '2016-12-22 15:45:28', '2016-12-22 15:45:28'),
(203, 'A través de Hiroshi Abe y Yôko Maki, Koreeda canaliza lo mejor de las comedias de reconquista del Hollywood de los 30 y 40 y, como si fueran Cary Grant e Irene Dunne, sueltan chispas cuanto ma...', 'Daniel De Partearroyo', 'Cinemanía', 2, 33, '2016-12-22 15:45:28', '2016-12-22 15:45:28'),
(204, 'Delicadeza y firmeza para identificar algunas preocupaciones y querencias universales, a través de unos personajes que transmiten autenticidad. Sencillo y enormemente reconfortante (...) ', 'Ricardo Aldarondo', 'Fotogramas', 2, 33, '2016-12-22 15:45:29', '2016-12-22 15:45:29'),
(205, 'Una pequeña gema (...) Tan dulce como una cereza madura a primera vista, tiene un duro hueso y los espectadores que muerdan profundamente, lo encontrarán', 'Deborah Young', 'The Hollywood Reporter', 2, 33, '2016-12-22 15:45:29', '2016-12-22 15:45:29'),
(206, 'Un drama de familia de suprema sutileza (...) Ningún director actual contempla la vida cotidiana de los seres humanos más íntimamente que Kore-eda, o es más infaliblemente generoso con lo que ...', 'Robbie Collin', 'Telegraph', 2, 33, '2016-12-22 15:45:29', '2016-12-22 15:45:29'),
(207, 'Eastwood consigue en ''Sully'' su último prodigio de rigor narrativo a vueltas con la duda, el heroísmo y la fiebre. (...) ', 'Luis Martínez', 'Diario El Mundo', 2, 35, '2016-12-22 15:45:29', '2016-12-22 15:45:29'),
(208, 'Eastwood es incapaz de contagiarme ni un gramo de pasión, tensión o entretenimiento con la reconstrucción de la hazaña (...) Todo es plano y romo en esta tediosa película.', 'Carlos Boyero', 'Diario El País', 2, 35, '2016-12-22 15:45:29', '2016-12-22 15:45:29'),
(209, 'Eastwood lleva un accidente de aviación al terreno de ''Banderas de nuestros padres'', el de la impostura (...) Un relato demoledor y de gran cautela expresiva. (...) ', 'Quim Casas', 'Diario El Periódico', 2, 35, '2016-12-22 15:45:29', '2016-12-22 15:45:29'),
(210, 'Eastwood, [encuentra] en Sully, el americano sensato, (...) la metáfora perfecta para hablar de unas cuantas cosas que le interesaban (...) ', 'Andrea G. Bermejo', 'Cinemanía', 2, 35, '2016-12-22 15:45:29', '2016-12-22 15:45:29'),
(211, 'Construida como un mental rashomoniano puzzle, Sully es la apología de un cine clásico entre gansos modernos. (...) ', 'Fausto Fernández', 'Fotogramas', 2, 35, '2016-12-22 15:45:29', '2016-12-22 15:45:29'),
(212, 'No es una de las grandes películas de Eastwood (estaría en un ranking quizás la 9 o 10 de las 35 de su filmografía), pero es una que promete resonar a lo grande a los norteamericanos en este m...', 'Peter Debruge', 'Variety', 2, 35, '2016-12-22 15:45:29', '2016-12-22 15:45:29'),
(213, 'Un sólido y comprometido homenaje al profesionalismo y ser bueno en tu trabajo, Sully retrata con viveza las realidades físicas y el componente humano del dramático aterrizaje forzoso del avión', 'Todd McCarthy', 'The Hollywood Reporter', 2, 35, '2016-12-22 15:45:29', '2016-12-22 15:45:29'),
(214, 'Muy manipuladora emocionalmente, parece construida para el lucimiento de Dani Rovira en su empeño, de momento no logrado, por dejar la comedia y demostrar que sirve para el drama. (...) ', 'Quim Casas', 'Diario El Periódico', 2, 36, '2016-12-22 15:45:30', '2016-12-22 15:45:30'),
(215, 'Película tan emotiva como dramática, inesperadamente cómica, además, aunque también esto sea mérito de un casting en el que lucen Karra Elejalde y Alexandra Jiménez, y en el que Dani...', 'Sergio F. Pinilla', 'Cinemanía', 2, 36, '2016-12-22 15:45:30', '2016-12-22 15:45:30'),
(216, 'La película tiene todos los ademanes de ese cine americano de superación (...) medida hasta la extenuación.', 'Javier Ocaña', 'Diario El País', 2, 36, '2016-12-22 15:45:30', '2016-12-22 15:45:30'),
(217, 'Corred, llorad, malditos (...) interpretaciones meritorias (...) Parapetarse en las buenas intenciones no basta. (...) ', 'Luis Martínez', 'Diario El Mundo', 2, 36, '2016-12-22 15:45:30', '2016-12-22 15:45:30'),
(218, 'Hay en la cinta un notable trabajo de planificación y montaje, gotas de humor bien dosificadas, secundarios inolvidables (gran Bruno Bergonzini) y emoción no forzada, natural, sutil. (...) ', 'Pere Vall', 'Fotogramas', 2, 36, '2016-12-22 15:45:30', '2016-12-22 15:45:30'),
(219, 'La habitual percepción cansina del cine de superhéroes se amplia en esta nueva y brillante entrega (...) un delirio tan entretenido como simpático. (...) ', 'Luis Martínez', 'Diario El Mundo', 2, 37, '2016-12-22 15:45:30', '2016-12-22 15:45:30'),
(220, 'Una película más atrevida de lo habitual, con el sello humorístico y refrigerador de grandilocuencia de Marvel, en la que destacan el inacabable carisma de su reparto (...) en un frenesí de ac...', 'Javier Ocaña', 'Diario El País', 2, 37, '2016-12-22 15:45:30', '2016-12-22 15:45:30'),
(221, 'Quizás la película más lunática y extravagante de Marvel, también la más barroca y con una arquitectura visual más elaborada. (...) ', 'Beatriz Martínez', 'Fotogramas', 2, 37, '2016-12-22 15:45:30', '2016-12-22 15:45:30'),
(222, 'Es un caramelo visual como pocos nos ha ofrecido el cine de gran presupuesto (...) Si las imágenes son pirotecnia de la buena, el guión resulta modesto. (...) Pero (¡oh, prodigio!) la película...', 'Yago García', 'Cinemanía', 2, 37, '2016-12-22 15:45:30', '2016-12-22 15:45:30'),
(223, 'Esta exótica aventura de acción es muy entretenida (...) Un espectáculo deslumbrantemente ''freak'' con (...) momentos de surrealismo y locura comparables a la ''Inception'' de Christopher Nolan (...) ', 'Peter Bradshaw', 'The Guardian', 2, 37, '2016-12-22 15:45:30', '2016-12-22 15:45:30'),
(224, 'La nueva y alucinante película de superhéroes de Marvel es la mejor desde ''The Avengers'' (...) el blockbuster visualmente más deslumbrante del año', 'David Ehrlich', 'Indiewire', 2, 37, '2016-12-22 15:45:30', '2016-12-22 15:45:30'),
(225, 'Un caleidoscopio de singularidad e innovadores efectos especiales (...) Este ''Doctor'' te va a dejar hechizado (...) ', 'Brian Truitt', 'USA Today', 2, 37, '2016-12-22 15:45:30', '2016-12-22 15:45:30'),
(226, 'Un angustioso e irrespirable retrato de la crueldad que nos asiste. (...) Un ''thriller'' tan brillante como anómalo', 'Luis Martínez', 'Diario El Mundo', 2, 38, '2016-12-22 15:45:30', '2016-12-22 15:45:30'),
(227, 'Es una película en posesión de cierto clima y que no te aburre. No dudo de los dones narrativos de su creador, pero no soporto la personalidad de uno de sus protagonistas.', 'Carlos Boyero', 'Diario El País', 2, 38, '2016-12-22 15:45:30', '2016-12-22 15:45:30'),
(228, 'Magnífica (...) tan fascinante como atroz (...) la película te agarra y no te suelta (...) Capítulo aparte merecen los intérpretes, fabulosos', 'Javier Ocaña', 'Diario El País', 2, 38, '2016-12-22 15:45:30', '2016-12-22 15:45:30'),
(229, 'La puesta en escena de Sorogoyen es vibrante, incluso frenética cuando es menester, y angustiosamente desasosegante y confirma las buenísimas sensaciones que apuntaba en su anterior filme. Las i...', 'Alberto Luchini', 'Diario El Mundo', 2, 38, '2016-12-22 15:45:30', '2016-12-22 15:45:30'),
(230, 'Rodrigo Sorogoyen aprueba con nota su salto el cine ''major'' con un potente ''thriller'' policiaco que habla de las miserias de la sociedad', 'Olga Pereda', 'Diario El Periódico', 2, 38, '2016-12-22 15:45:30', '2016-12-22 15:45:30'),
(231, 'Sorogoyen desciende al Km. 0 del infierno y enfrenta a Roberto Álamo y Antonio de la Torre con su peor enemigo en un thriller castizo y asfixiante. (...) ', 'Carlos Marañón', 'Cinemanía', 2, 38, '2016-12-22 15:45:30', '2016-12-22 15:45:30'),
(232, 'Sorogoyen (...) trabaja bien (...) la doble figura policial y antitética (...) Funciona en armonía la estricta pesquisa policial y el retrato de dos personajes sin visible salida. (...) ', 'Quim Casas', 'Diario El Periódico', 2, 38, '2016-12-22 15:45:30', '2016-12-22 15:45:30'),
(233, 'La historia está acompañada de un bonito subtexto para los más pequeños sobre el origen de la felicidad, y algunos de los personajes son verdaderamente atractivos', 'Javier Ocaña', 'Diario El País', 2, 39, '2016-12-22 15:45:31', '2016-12-22 15:45:31'),
(234, 'Contra lo esperable, el departamento de animación de DreamWorks ha logrado su mejor película (...) ''Trolls'' se distingue por tener un auténtico guion que parodia a muchas películas y cuentos c...', 'Francisco Marinero', 'Diario El Mundo', 2, 39, '2016-12-22 15:45:31', '2016-12-22 15:45:31'),
(235, 'Película destinada a crear indigestiones de azúcar y provocar ictus por sobredosis de cursilería ramplona si tienes más de siete años  (...) ', 'Beatriz Martínez', 'Diario El Periódico', 2, 39, '2016-12-22 15:45:31', '2016-12-22 15:45:31'),
(236, 'Es una declaración de musicales y dibujados principios. Contagiosamente optimista y rabiosamente divertida (...) Te hace cantar, bailar y salir del cine con un chute de felicidad. (...) ', 'Fausto Fernández', 'Fotogramas', 2, 39, '2016-12-22 15:45:31', '2016-12-22 15:45:31'),
(237, 'Los niños deberían adorarla, pero no dejes que esto te asuste: la película es, en cada una de sus pulgadas de psicodélico 3D, un cuento de hadas para adultos', 'Owen Gleiberman', 'Variety', 2, 39, '2016-12-22 15:45:31', '2016-12-22 15:45:31'),
(238, 'La película falla en los últimos 20 minutos, pero en ese punto, es como criticar a un invitado por traer cerveza barata al final de una gran fiesta. Es difícil sentir nada negativo cuando la pe...', 'Peter Hartlaub', 'San Francisco Chronicle', 2, 39, '2016-12-22 15:45:31', '2016-12-22 15:45:31'),
(239, '''Trolls'' no es brillante ni original como ''The Lego Movie'' o ''Toy Story'', ni una joya como ''Frozen''. Pero es un placer culpable amable y alocado. (...) ', 'Cath Clarke', 'Time Out', 2, 39, '2016-12-22 15:45:31', '2016-12-22 15:45:31'),
(240, 'Es la precuela de esa mediocre película y la remarcable sorpresa es que su responsable se haya tomado el trabajo mucho más en serio que su predecesor. (...) No inventa nada, pero logra erigirse ...', 'Jordi Costa', 'Diario El País', 2, 40, '2016-12-22 15:45:31', '2016-12-22 15:45:31'),
(241, 'Netamente superior a ''Ouija'' (...) Flanagan genera miedo de formas cada vez más intrépidas (...) ', 'Nando Salvá', 'Diario El Periódico', 2, 40, '2016-12-22 15:45:31', '2016-12-22 15:45:31'),
(242, 'Una precuela superior a la película de terror del 2014 (...) Repleta de complejidad psicológica y caracterizaciones matizadas, ''Ouija: Origin of Evil'' se tambalea sólo en el tramo final.', 'Frank Scheck', 'The Hollywood Reporter', 2, 40, '2016-12-22 15:45:31', '2016-12-22 15:45:31'),
(243, 'Extraña secuela de terror hecha con mucho más ingenio, artesanía e imaginación que su predecesora, ''Ouija: Origin of Evil'' parece no tanto una continuación de la franquicia sino una disculpa ...', 'Geoff Berkshire', 'Variety', 2, 40, '2016-12-22 15:45:31', '2016-12-22 15:45:31'),
(244, '''Ouija'' resulta realmente aterradora e inteligente, la extraña precuela de terror capaz de valerse por sus propios méritos y ofrecer una historia consistente logra su cometido sin ningún conoci...', 'Kate Erbland', 'Indiewire', 2, 40, '2016-12-22 15:45:31', '2016-12-22 15:45:31'),
(245, 'Es como una especie de ataque al corazón cinemático - irreparablemente perjudicial para el cuerpo y para la mente, con un  lento tiempo de recuperación.', 'Sam Fragoso', 'The Wrap', 2, 40, '2016-12-22 15:45:31', '2016-12-22 15:45:31'),
(246, 'Tiene muchas cosas que admirar: buenas interpretaciones (...), sustos de primera categoría y una fotografía otoñal inesperadamente bonita al estilo de ‘Far From Heaven’. (...) ', 'Tom Huddleston', 'Time Out', 2, 40, '2016-12-22 15:45:31', '2016-12-22 15:45:31'),
(247, 'Una cinta transparente, limpia y sin más lecturas que la pedrada. (...) tanta evidencia, tanto insistir, termina por arruinar un proyecto perfectamente previsible a cada paso.', 'Luis Martínez', 'Diario El Mundo', 2, 41, '2016-12-22 15:45:32', '2016-12-22 15:45:32'),
(248, 'Estremecedora (...) cine en carne viva, pleno de lucidez amarga', 'Carlos Boyero', 'Diario El País', 2, 41, '2016-12-22 15:45:32', '2016-12-22 15:45:32'),
(249, 'Un drama social fresco y humano (...) se parece tanto a otras películas de Loach y Laverty como una mano a la otra', 'Oti Rodríguez Marchante', 'Diario ABC', 2, 41, '2016-12-22 15:45:32', '2016-12-22 15:45:32'),
(250, 'Recurre al didactismo bienintencionado y el sentimentalismo explícito (...) El tremendismo dramático tiene por objetivo dejarnos destrozados. Y qué duda cabe de que lo logra (...) ', 'Nando Salvá', 'Diario El Periódico', 2, 41, '2016-12-22 15:45:32', '2016-12-22 15:45:32'),
(251, 'El corazón rojo del cineasta busca, y encuentra, la complicidad y la empatía (y el encabronamiento) del espectador medio (...) Nada que reprochar a los pecadillos del guión (...) ', 'Álex Montoya', 'Fotogramas', 2, 41, '2016-12-22 15:45:32', '2016-12-22 15:45:32'),
(252, 'Fiel a su estilo adusto, apelando a su humanismo social, Loach volvió al cine, se enfrentó al estado kafkiano y ganó la Palma de Oro. Con 80 años, oiga. (...) ', 'Carlos Marañón', 'Cinemanía', 2, 41, '2016-12-22 15:45:32', '2016-12-22 15:45:32'),
(253, '''I, Daniel Blake'' es la quintaesencia de Loach (...) Pero aunque el marco y la perspectiva son familiares, las películas del veterano director británico siguen teniendo el poder de arrastrarnos ...', 'David Rooney', 'The Hollywood Reporter', 2, 41, '2016-12-22 15:45:32', '2016-12-22 15:45:32'),
(254, 'Resulta sorprendente la ínfima calidad del filme en todas sus vertientes (...) Sin apenas ritmo ni gracia, sin creatividad ni comercialidad, ''Ozzy'' es simplemente un callejón sin salida', 'Javier Ocaña', 'Diario El País', 2, 42, '2016-12-22 15:45:32', '2016-12-22 15:45:32'),
(255, 'Producto peculiarmente aséptico (...) Es para muy niños pero la peripecia tiene toques demasiado siniestros para ellos, mientras que el espectador adulto ejerce aquí de mero acompañante aburri...', 'Antonio Weinrichter', 'Diario ABC', 2, 42, '2016-12-22 15:45:32', '2016-12-22 15:45:32'),
(256, 'No rebosa precisamente originalidad, pero que convencerá a los niños por su dinamismo y efectivos personajes y reconfortará a los mayores (...) De trazo clásico y logrado movimiento CGI, n...', 'Sergio F. Pinilla', 'Cinemanía', 2, 42, '2016-12-22 15:45:32', '2016-12-22 15:45:32'),
(257, 'Una película a la vez excesiva, emocionante, desigual e inolvidable. Rota en su tercer acto por el exceso melodramático, pero siempre inmensa. (...) ', 'Luis Martínez', 'Diario El Mundo', 2, 43, '2016-12-22 15:45:33', '2016-12-22 15:45:33'),
(258, 'Para los poseedores de una cierta sensibilidad, la verdad será un cargamento de lágrimas. Para otros, y ahí se sitúa el que esto escribe, la verdad será un gran producto que no conmueve por e...', 'Javier Ocaña', 'Diario El País', 2, 43, '2016-12-22 15:45:33', '2016-12-22 15:45:33'),
(259, 'Bayona equilibra la turbadora imagen real con las tres historias de particular animación, la inquietud con el melodrama. Apela por igual a la emoción y la superación como a la fantasía (...) ', 'Quim Casas', 'Diario El Periódico', 2, 43, '2016-12-22 15:45:33', '2016-12-22 15:45:33'),
(260, 'Las magníficas y sorprendentes técnicas de animación, la capacidad de Bayona para sugerir terror y efecto balsámico a la vez, la sugerencia de que la fantasía (el cine) modela sentimientos y ...', 'Oti Rodríguez Marchante', 'Diario ABC', 2, 43, '2016-12-22 15:45:33', '2016-12-22 15:45:33'),
(261, '''Un monstruo viene a verme'', de J. A. Bayona (...) es la llorada del año. Una conmovedora demostración de que el arte (el cine) cura.', 'Andrea G. Bermejo', 'Cinemanía', 2, 43, '2016-12-22 15:45:33', '2016-12-22 15:45:33'),
(262, 'Bayona cierra la más que notable trilogía sobre la maternidad y la muerte (...) Desde la apabullante banda sonora (...) todo juega a favor de una película que abraza la emoción sin avergonzars...', 'Daniel Martínez Mantilla', 'Fotogramas', 2, 43, '2016-12-22 15:45:33', '2016-12-22 15:45:33'),
(263, 'Un cuento (unos cuentos dentro de un cuento) sobre las tinieblas que envuelven nuestras vidas (...) Un viaje emocional donde el drama funciona desde la distancia con el mundo adulto (...) ', 'Fausto Fernández', 'Fotogramas', 2, 43, '2016-12-22 15:45:33', '2016-12-22 15:45:33'),
(264, '''A quiet passion'' vuelve a demostrar la precisión, profundidad y genio de un clásico. (...) Davies funda uno de sus trabajos más intensos, más conscientemente heridos.', 'Luis Martínez', 'Diario El Mundo', 2, 44, '2016-12-22 15:45:33', '2016-12-22 15:45:33'),
(265, 'Una película que tiende hacia lo sublime (...) una obra de riguroso aparato formal que, en su despliegue, con severa sencillez, trasciende la cotidianidad de su personaje para alcanzar también a...', 'Javier Ocaña', 'Diario El País', 2, 44, '2016-12-22 15:45:33', '2016-12-22 15:45:33'),
(266, 'Davies lo retrata todo con rigurosidad y en esa fotografía continua que nos ofrece se revela todo (...) La película (...) muestra una calidad innegable (...) ', 'José Manuel Cuéllar', 'Diario ABC', 2, 44, '2016-12-22 15:45:33', '2016-12-22 15:45:33'),
(267, 'La puesta en escena es de una delicadeza a flor de piel (...) La elipsis que muestra el envejecimiento de toda la familia a partir de la realización de unas fotografías es uno de los momentos m?...', 'Quim Casas', 'Diario El Periódico', 2, 44, '2016-12-22 15:45:33', '2016-12-22 15:45:33'),
(268, 'Biografía modélica (...) Sencilla y hermética, cruel e imparcial: el mejor biopic posible de Emily Dickinson se parece mucho a su poesía (...) ', 'Yago García', 'Cinemanía', 2, 44, '2016-12-22 15:45:33', '2016-12-22 15:45:33'),
(269, 'Los mejores logros de Davies están convocados: La precisa composición de los encuadres; la esencia cinematográfica teñida por la pintura con un magistral manejo de la luz y en diálogo conmove...', 'Ricardo Aldarondo', 'Fotogramas', 2, 44, '2016-12-22 15:45:33', '2016-12-22 15:45:33'),
(270, 'A pesar de (...) el valiente esfuerzo de Nixon y Davies para exteriorizar los demonios internos de la poetisa (...) la película no puede evitar un cualidad estática subyacente que extingue la ll...', 'Deborah Young', 'The Hollywood Reporter', 2, 44, '2016-12-22 15:45:33', '2016-12-22 15:45:33'),
(271, 'Estridencia sin norte. (...) Un planteamiento formal que no está al servicio de otra cosa que de mantener a sus espectadores despiertos de un golpe de efecto gratuito a otro.', 'Jordi Costa', 'Diario El País', 2, 45, '2016-12-22 15:45:34', '2016-12-22 15:45:34'),
(272, 'Stoller (...) no logra encontrar ni el ritmo cómico ni el dramático: la película transcurre atropellada por la acción febril y la confusa trama, y la confianza en que si los personajes hablan ...', 'Nando Salvá', 'Diario El Periódico', 2, 45, '2016-12-22 15:45:34', '2016-12-22 15:45:34'),
(273, 'Excelente espectáculo (a nivel visual y técnico) de animación (...) Muchas secuencias brillantemente ejecutadas (...) Toda la película es una especie de oda a la paternidad (...) ', 'Fausto Fernández', 'Fotogramas', 2, 45, '2016-12-22 15:45:34', '2016-12-22 15:45:34'),
(274, 'Buenas noticias, papás: ''Storks'' va a entreteneros a vosotros y a vuestros pequeños. Malas noticias: preparaos a contestar un montón de preguntas incómodas sobre de dónde vienen los bebés (...) ', 'Brian Truitt', 'USA Today', 2, 45, '2016-12-22 15:45:34', '2016-12-22 15:45:34'),
(275, 'Una comedia apropiadamente alegre y deliciosamente disparatada', 'Michael Rechtshaffen', 'The Hollywood Reporter', 2, 45, '2016-12-22 15:45:34', '2016-12-22 15:45:34'),
(276, '[''Storks''] es suficientemente inofensiva para entretener a un chaval durante una hora y cuarto. No es especialmente rica en personajes o momentos extraordinarios', 'Neil Genzlinger', 'The New York Times', 2, 45, '2016-12-22 15:45:34', '2016-12-22 15:45:34'),
(277, 'Toma una película de animación típica para niños, llénala de gags alocados y un ritmo de enredo - así obtienes esta sorprendente ave de diferente plumaje. (...) ', 'David Fear', 'Rolling Stone', 2, 45, '2016-12-22 15:45:34', '2016-12-22 15:45:34'),
(278, 'Fontaine ha conseguido algo parecido a un milagro, el milagro de la extrema verosimilitud. La ambientación y localizaciones de su película son magistrales, por sí solas ya vale la pena esta o...', 'Toni Vall', 'Cinemanía', 2, 46, '2016-12-22 15:45:34', '2016-12-22 15:45:34'),
(279, '[''Agnus Dei''] ofrece sólidas interpretaciones, pero (...) carece de una clave que descifre los misterios emocionales, espirituales e ideológicos que se esconden detrás de su difusa narración d...', 'Boyd van Hoeij', 'The Hollywood Reporter', 2, 46, '2016-12-22 15:45:34', '2016-12-22 15:45:34'),
(280, 'Fontaine no reinventa la rueda con esta clásica historia de fe versus ciencia, pero con sus muchos buenos personajes y unos momentos muy conmovedores, ''Agnus Dei'' debería satisfacer al tradicion...', 'Anthony Kaufman', 'Screendaily', 2, 46, '2016-12-22 15:45:34', '2016-12-22 15:45:34'),
(281, 'El hecho de que ''Las inocentes'' está basada en hechos reales no hace más que acrecentar el interés por el relato. (...) Fontaine se muestra por suerte más sobria (...), lo que incrementa y ext...', 'Pablo O. Scholz', 'Diario Clarín', 2, 46, '2016-12-22 15:45:34', '2016-12-22 15:45:34'),
(282, '[El] film es duro y contenido, austero y libre de cualquier exceso o apelación emotiva, expone en inteligente claroscuro el tema de la maternidad, habla de la solidaridad y del coraje, y está co...', 'Fernando López', 'Diario La Nación', 2, 46, '2016-12-22 15:45:34', '2016-12-22 15:45:34'),
(283, 'Fontaine opta rigurosamente por una fotografía de tonos fríos y opacos para apoyar visualmente una historia que nunca cae en la tentación del preciosismo de la reconstrucción histórica o la e...', 'Diego Brodersen', 'Diario Página 12', 2, 46, '2016-12-22 15:45:34', '2016-12-22 15:45:34'),
(284, 'A través de unas imágenes muy sobrias y bien estudiadas acordes con lo que se representa, la película es una trágica sucesión de hechos con base en estas memorias, algo que el guión mantiene...', '.', '.', 2, 46, '2016-12-22 15:45:34', '2016-12-22 15:45:34'),
(285, 'Gustavo Valencia Patiño: Revista Semana', '"Tiene un potencial dramático que no deja indiferente a ningún espectador. (...) Pero como el que mucho abarca poco aprieta, entre tantos ires y venires por momentos la historia pierde el norte, y la tensión argumental se diluye."', '"Tiene un potencial dramático que no deja indiferente a ningún espectador. (...) Pero como el que mucho abarca poco aprieta, entre tantos ires y venires por momentos la historia pierde el norte, y la tensión argumental se diluye."', 2, 46, '2016-12-22 15:45:34', '2016-12-22 15:45:34'),
(373, 'Una película que se encuentra atrapada en medio camino entre la ambición artística seria y el intento de una franquicia distópica tipo ''Los juegos del hambre'', ''Divergente'', entre otras.', 'Scott Foundas', 'Variety', 2, 53, '2016-12-22 17:40:52', '2016-12-22 17:40:52'),
(374, 'Pone en movimiento todos los aspectos de la superficie con efectividad, pero, sobre todo, no ha prestado suficiente atención a las corrientes turbulentas de tensión e intriga que se requieren en...', 'Todd McCarthy', 'The Hollywood Reporter', 2, 53, '2016-12-22 17:40:52', '2016-12-22 17:40:52'),
(375, '''Z for Zachariah'' es un drama digno de elogio, silencioso e íntimo (...) Zobel consigue un maravilloso tono en la textura de las interpertaciones, los sentimientos y las cargadas miradas fugaces.', 'Rodrigo Perez', 'Indiewire', 2, 53, '2016-12-22 17:40:52', '2016-12-22 17:40:52'),
(376, 'Una película transgresora y militante, en la que el cineasta viajaba al corazón del inconformismo juvenil en Estados Unidos, desde los campus universitarios hasta el Valle de la Muerte. Y lo hac...', 'Miguel Ángel Palomo', 'Diario El País', 2, 54, '2016-12-22 17:40:53', '2016-12-22 17:40:53'),
(377, 'La idea funciona. (...) Una comedia musical de Disney perfectamente engrasada y hueca. Atractiva para los ojos de un niño pequeño pero aburrida para los de un adulto que ha visto la fórmula rep...', 'Javier Mendoza', 'Cinemanía', 2, 59, '2016-12-22 17:40:54', '2016-12-22 17:40:54'),
(378, 'Un film que gusta, agradablemente nada pretencioso y muy divertido', 'Olly Richards', 'Empire', 2, 59, '2016-12-22 17:40:54', '2016-12-22 17:40:54'),
(379, 'Bueno para echarse unas risas, especialmente si tienes menos de, digamos, 8 años más o menos.', 'Christine Dolen', 'Miami Herald', 2, 59, '2016-12-22 17:40:54', '2016-12-22 17:40:54'),
(380, 'Divertida para los niños, aunque no tenga la calidad de otros grandes productos de la Disney', 'Roger Ebert', 'Chicago Sun-Times', 2, 59, '2016-12-22 17:40:54', '2016-12-22 17:40:54'),
(381, 'Un guión bastante convencional que recicla situaciones y conflictos ya vistos en decenas de films previos', 'Diego Batlle', 'Diario La Nación', 2, 60, '2016-12-22 17:40:54', '2016-12-22 17:40:54'),
(382, 'Quizá la cinta será incapaz de conquistar al público adulto, pero cautivará a las audiencias más pequeñas sin ningún problema ', 'Luis Miguel Cruz', 'Cine Premiere', 2, 60, '2016-12-22 17:40:54', '2016-12-22 17:40:54'),
(383, 'A no engañarse, tampoco en lo visual la película es de primer nivel. Hacer cine de animación es más difícil de lo que se cree, y ''Zambezia'' es la prueba.', 'Santiago García', 'Diario Tiempo Argentino', 2, 60, '2016-12-22 17:40:54', '2016-12-22 17:40:54'),
(384, 'Oferta tibia y débil frente a los competidores existentes en la actual era dorada de la animación.', 'Ernesto Garrat', 'Diario El Mercurio', 2, 60, '2016-12-22 17:40:54', '2016-12-22 17:40:54'),
(385, 'Un entretenimiento sensible y cálido, sencillo y con buen ritmo y está dedicado a los más pequeños.', 'Isabel Croce', 'Diario La Prensa', 2, 60, '2016-12-22 17:40:54', '2016-12-22 17:40:54'),
(386, 'Comedia larga, torpe y desafortunada', 'M. Torreiro', 'Diario El País', 2, 65, '2016-12-22 17:40:55', '2016-12-22 17:40:55'),
(387, 'Difuso ejercicio que mezcla el vídeo doméstico con los reality-shows, la quiromancia con las infidelidades conyugales y el asesinato con la comedia de enredo', 'Carlos Marañón', 'Cinemanía', 2, 65, '2016-12-22 17:40:55', '2016-12-22 17:40:55'),
(388, 'El relato peca a ratos de cierto didactismo, pero fluye con la elegancia y la fuerza de un álbum de historieta franco-belga. (...) activa la nostalgia', 'Jordi Costa', 'Diario El País', 2, 66, '2016-12-22 17:40:55', '2016-12-22 17:40:55'),
(389, 'Empapada de amor y pasión por las leyendas africanas y visualmente creativa (...) Para todas las edades. (...) ', 'Lluís Bonet Mojica', 'Diario La Vanguardia', 2, 66, '2016-12-22 17:40:55', '2016-12-22 17:40:55'),
(390, 'Una película para niños colorida y atractiva con unos matices históricos más oscuros, ''Zarafa'' repite el resultado de la primera inteligente y exitosa película del escritor-director Remi Bezancon', 'Jordan Mintzer', 'The Hollywood Reporter', 2, 66, '2016-12-22 17:40:55', '2016-12-22 17:40:55'),
(391, 'Una aventura para todas las edades visualmente espléndida y emocionalmente satisfactoria, ''Zarafa'' cuenta con todos los ingredientes (...) para el éxito internacional, comenzando con una estupen...', 'Lisa Nesselson', 'Screendaily', 2, 66, '2016-12-22 17:40:55', '2016-12-22 17:40:55'),
(392, 'El viaje de la primera jirafa transportada desde África a París consigue una fantástica revisitación del relato en ''Zarafa', 'Boyd van Hoeij', 'Variety', 2, 66, '2016-12-22 17:40:55', '2016-12-22 17:40:55'),
(393, 'La película se desliza alegremente por el ''laaargo'' tobogán dispuesto por el fetén guionista David Koepp (...) Para pasar el rato antes de volver con los brazos abiertos a la Nintendo DS. (...) .', 'Javier Cortijo', 'Diario ABC', 2, 69, '2016-12-22 17:40:56', '2016-12-22 17:40:56'),
(394, 'Entretenida aventura infantil. (...) Lo mejor: los momentos estrictamente cómicos y la expresividad del pequeño Jonah Bobo. Lo peor: el empeño de toda película americana, de cualquier género,...', 'Francisco Marinero', 'Diario El Mundo', 2, 69, '2016-12-22 17:40:56', '2016-12-22 17:40:56'),
(395, 'Zathura es pura imaginación y enormemente divertida (...) un buen rato garantizado', 'Chris Kaltenbach', 'Baltimore Sun', 2, 69, '2016-12-22 17:40:56', '2016-12-22 17:40:56'),
(396, 'Básicamente es ''Jumanji'' en el espacio exterior (...) .', 'Lou Lumenick', 'New York Post', 2, 69, '2016-12-22 17:40:56', '2016-12-22 17:40:56'),
(397, 'En el limbo encantado entre dormir y estar despierto, Zathura se siente al mismo tiempo real e irreal, como un sueño del que puedes despertar en cualquier momento (...) escarba en el prolijo mund...', 'Stephen Holden', 'The New York Times', 2, 69, '2016-12-22 17:40:56', '2016-12-22 17:40:56'),
(398, 'Tiene todos los elementos que podrían hacerla emocionante y visualmente es deslumbrante, pero le falta la conexión emocional necesaria para hacerla interesante.', 'Kevin Crust', 'Los Angeles Times', 2, 69, '2016-12-22 17:40:56', '2016-12-22 17:40:56'),
(399, 'Kitano siempre sorprende. La última genialidad del hombre-orquesta japonés (presentador, cantante, humorista, actor, director, guionista, montador y quién sabe cuántas cosas más) es una pelí...', 'Daniel Andreas', 'FILMAFFINITY', 2, 70, '2016-12-22 17:40:56', '2016-12-22 17:40:56'),
(400, 'Muy divertida. (...) combina el humor surrealista y las aventuras en una historia de samurais y de venganzas, y que utiliza inmejorablemente los elementos del western. Los duelos a espada son espe...', 'Carlos Boyero', 'Diario El Mundo', 2, 70, '2016-12-22 17:40:56', '2016-12-22 17:40:56'),
(401, 'Una película ágil, feroz, libérrima, incatalogable y tocada de una rara gracia.', 'Ángel Fdez. Santos', 'Diario El País', 2, 70, '2016-12-22 17:40:56', '2016-12-22 17:40:56'),
(402, 'Ceguera clarividente. (...) Kitano se ríe, sutilmente o a carcajadas, con delicadeza inteligente o con humor decididamente gamberro, de casi todo', 'Alberto Bermejo', 'Diario El Mundo', 2, 70, '2016-12-22 17:40:56', '2016-12-22 17:40:56');

-- --------------------------------------------------------

--
-- Estructura de tabla para la tabla `genres`
--

CREATE TABLE `genres` (
  `id` int(10) UNSIGNED NOT NULL,
  `name` varchar(255) COLLATE utf8_unicode_ci NOT NULL
) ENGINE=InnoDB DEFAULT CHARSET=utf8 COLLATE=utf8_unicode_ci;

--
-- Volcado de datos para la tabla `genres`
--

INSERT INTO `genres` (`id`, `name`) VALUES
(12, 'Aventura'),
(14, 'Fantasía'),
(16, 'Animación'),
(18, 'Drama'),
(27, 'Terror'),
(28, 'Acción'),
(35, 'Comedia'),
(36, 'Historia'),
(37, 'Western'),
(53, 'Suspense'),
(80, 'Crimen'),
(99, 'Documental'),
(878, 'Ciencia ficción'),
(9648, 'Misterio'),
(10402, 'Música'),
(10749, 'Romance'),
(10751, 'Familia'),
(10752, 'Guerra'),
(10770, 'película de la televisión');

-- --------------------------------------------------------

--
-- Estructura de tabla para la tabla `genre_movie`
--

CREATE TABLE `genre_movie` (
  `movie_id` int(10) UNSIGNED NOT NULL,
  `genre_id` int(10) UNSIGNED NOT NULL
) ENGINE=InnoDB DEFAULT CHARSET=utf8 COLLATE=utf8_unicode_ci;

--
-- Volcado de datos para la tabla `genre_movie`
--

INSERT INTO `genre_movie` (`movie_id`, `genre_id`) VALUES
(1, 28),
(1, 12),
(1, 14),
(1, 878),
(1, 53),
(1, 10752),
(3, 80),
(3, 18),
(3, 53),
(4, 36),
(4, 53),
(4, 10752),
(5, 18),
(5, 10751),
(7, 9648),
(7, 53),
(8, 18),
(9, 18),
(9, 36),
(9, 10752),
(10, 35),
(11, 35),
(11, 18),
(12, 36),
(12, 18),
(13, 35),
(14, 35),
(14, 18),
(15, 18),
(16, 16),
(16, 12),
(16, 35),
(16, 10751),
(16, 14),
(16, 10402),
(17, 10752),
(17, 18),
(17, 36),
(18, 18),
(18, 53),
(19, 10749),
(19, 18),
(19, 35),
(20, 53),
(20, 18),
(20, 10749),
(21, 18),
(22, 28),
(22, 10752),
(22, 18),
(22, 10749),
(22, 53),
(23, 53),
(23, 18),
(23, 28),
(24, 35),
(24, 18),
(25, 18),
(27, 10751),
(27, 12),
(27, 14),
(28, 18),
(28, 878),
(29, 35),
(29, 18),
(29, 10749),
(30, 53),
(30, 28),
(30, 80),
(30, 18),
(30, 9648),
(31, 35),
(31, 10749),
(32, 35),
(32, 18),
(33, 10751),
(33, 18),
(34, 16),
(35, 18),
(35, 36),
(36, 18),
(37, 28),
(37, 12),
(37, 14),
(37, 878),
(38, 53),
(38, 80),
(39, 12),
(39, 16),
(39, 10751),
(40, 27),
(40, 53),
(41, 18),
(42, 16),
(43, 18),
(43, 14),
(44, 18),
(45, 16),
(45, 35),
(45, 10751),
(46, 18),
(48, 28),
(48, 16),
(48, 14),
(49, 28),
(49, 53),
(49, 10749),
(50, 35),
(51, 14),
(51, 10402),
(51, 10749),
(52, 18),
(52, 53),
(53, 18),
(53, 878),
(53, 53),
(54, 18),
(54, 10749),
(55, 12),
(55, 35),
(55, 18),
(55, 10751),
(55, 10770),
(56, 10752),
(57, 35),
(58, 10751),
(58, 35),
(59, 37),
(59, 16),
(59, 10751),
(59, 35),
(59, 10402),
(60, 16),
(62, 18),
(62, 10749),
(62, 53),
(64, 28),
(64, 35),
(64, 80),
(64, 18),
(66, 10751),
(66, 16),
(67, 14),
(67, 28),
(67, 53),
(67, 878),
(68, 99),
(69, 10751),
(69, 14),
(69, 878),
(69, 12),
(70, 12),
(70, 18),
(70, 28),
(71, 35),
(71, 14),
(72, 28),
(72, 35);

-- --------------------------------------------------------

--
-- Estructura de tabla para la tabla `lists`
--

CREATE TABLE `lists` (
  `id` int(10) UNSIGNED NOT NULL,
  `name` varchar(24) COLLATE utf8_unicode_ci NOT NULL,
  `description` varchar(200) COLLATE utf8_unicode_ci DEFAULT NULL,
  `ordered` tinyint(1) NOT NULL DEFAULT '0',
  `user_id` int(10) UNSIGNED NOT NULL,
  `created_at` timestamp NULL DEFAULT NULL,
  `updated_at` timestamp NULL DEFAULT NULL
) ENGINE=InnoDB DEFAULT CHARSET=utf8 COLLATE=utf8_unicode_ci;

--
-- Volcado de datos para la tabla `lists`
--

INSERT INTO `lists` (`id`, `name`, `description`, `ordered`, `user_id`, `created_at`, `updated_at`) VALUES
(1, 'En cines', NULL, 0, 1, NULL, NULL);

-- --------------------------------------------------------

--
-- Estructura de tabla para la tabla `list_movie`
--

CREATE TABLE `list_movie` (
  `movie_id` int(10) UNSIGNED NOT NULL,
  `list_id` int(10) UNSIGNED NOT NULL,
  `order` smallint(6) NOT NULL
) ENGINE=InnoDB DEFAULT CHARSET=utf8 COLLATE=utf8_unicode_ci;

--
-- Volcado de datos para la tabla `list_movie`
--

INSERT INTO `list_movie` (`movie_id`, `list_id`, `order`) VALUES
(1, 1, 1),
(2, 1, 1),
(3, 1, 1),
(4, 1, 1),
(5, 1, 1),
(6, 1, 1),
(7, 1, 1),
(8, 1, 1),
(9, 1, 0),
(10, 1, 0),
(11, 1, 0),
(12, 1, 0),
(13, 1, 0),
(14, 1, 0),
(15, 1, 0),
(16, 1, 0),
(17, 1, 0),
(18, 1, 0),
(19, 1, 0),
(20, 1, 0),
(21, 1, 0),
(22, 1, 0),
(23, 1, 0),
(24, 1, 0),
(25, 1, 0),
(26, 1, 0),
(27, 1, 0),
(28, 1, 0),
(29, 1, 0),
(30, 1, 0),
(31, 1, 0),
(32, 1, 0),
(33, 1, 0),
(34, 1, 0),
(35, 1, 0),
(36, 1, 0),
(37, 1, 0),
(38, 1, 0),
(39, 1, 0),
(40, 1, 0),
(41, 1, 0),
(42, 1, 0),
(43, 1, 0),
(44, 1, 0),
(45, 1, 0),
(46, 1, 2);

-- --------------------------------------------------------

--
-- Estructura de tabla para la tabla `migrations`
--

CREATE TABLE `migrations` (
  `migration` varchar(255) COLLATE utf8_unicode_ci NOT NULL,
  `batch` int(11) NOT NULL
) ENGINE=InnoDB DEFAULT CHARSET=utf8 COLLATE=utf8_unicode_ci;

--
-- Volcado de datos para la tabla `migrations`
--

INSERT INTO `migrations` (`migration`, `batch`) VALUES
('2014_10_12_000000_create_users_table', 1),
('2014_10_12_100000_create_password_resets_table', 1),
('2016_09_27_080951_create_movies_table', 1),
('2016_09_27_081422_create_critics_table', 1),
('2016_09_27_083726_create_characters_table', 1),
('2016_09_27_084100_create_genres_table', 1),
('2016_09_27_084903_create_params_table', 1),
('2016_10_21_031422_create_comments_table', 1),
('2016_10_21_235332_create_lists_table', 1);

-- --------------------------------------------------------

--
-- Estructura de tabla para la tabla `movies`
--

CREATE TABLE `movies` (
  `id` int(10) UNSIGNED NOT NULL,
  `title` varchar(255) COLLATE utf8_unicode_ci NOT NULL,
  `slug` varchar(255) COLLATE utf8_unicode_ci NOT NULL,
  `original_title` varchar(255) COLLATE utf8_unicode_ci NOT NULL,
  `fa_id` mediumint(9) NOT NULL,
  `tm_id` mediumint(9) NOT NULL,
  `year` smallint(6) NOT NULL,
  `duration` smallint(6) NOT NULL,
  `country` varchar(255) COLLATE utf8_unicode_ci NOT NULL,
  `review` text COLLATE utf8_unicode_ci NOT NULL,
  `poster` varchar(255) COLLATE utf8_unicode_ci DEFAULT NULL,
  `verified` tinyint(4) NOT NULL DEFAULT '0',
  `revenue` int(10) UNSIGNED NOT NULL,
  `budget` int(10) UNSIGNED NOT NULL,
  `imdb_id` varchar(255) COLLATE utf8_unicode_ci NOT NULL,
  `rt_url` varchar(255) COLLATE utf8_unicode_ci NOT NULL,
  `fa_rat` decimal(3,1) NOT NULL,
  `fa_rat_count` mediumint(9) NOT NULL,
  `im_rat` decimal(3,1) NOT NULL,
  `im_rat_count` mediumint(9) NOT NULL,
  `rt_rat` int(11) NOT NULL,
  `rt_rat_count` mediumint(9) NOT NULL,
  `created_at` timestamp NULL DEFAULT NULL,
  `updated_at` timestamp NULL DEFAULT NULL
) ENGINE=InnoDB DEFAULT CHARSET=utf8 COLLATE=utf8_unicode_ci;

--
-- Volcado de datos para la tabla `movies`
--

INSERT INTO `movies` (`id`, `title`, `slug`, `original_title`, `fa_id`, `tm_id`, `year`, `duration`, `country`, `review`, `poster`, `verified`, `revenue`, `budget`, `imdb_id`, `rt_url`, `fa_rat`, `fa_rat_count`, `im_rat`, `im_rat_count`, `rt_rat`, `rt_rat_count`, `created_at`, `updated_at`) VALUES
(1, 'Rogue One: Una historia de Star Wars', 'rogue-one-una-historia-de-star-wars', 'Rogue One: A Star Wars Story', 769224, 330459, 2016, 133, 'Estados Unidos', 'Cuenta la historia de un grupo de rebeldes que tendrá que robar los planos de la primera Estrella de la Muerte que, como bien conocemos todos, Luke Skywalker destruye en ‘La Guerra de las Galaxias’ (1977).', '/udQxxPNXF3salzCbjLvZ4yUbrvg.jpg', 0, 62000000, 200000000, 'tt3748528', 'http://www.rottentomatoes.com/m/star_wars_anthology_rogue_one/', '7.2', 7762, '7.7', 1753, -1, -1, '2016-12-22 15:45:14', '2016-12-22 15:45:14'),
(2, 'El faro de las orcas', 'el-faro-de-las-orcas', 'El faro de las orcas', 112349, 430161, 2016, 110, 'España', 'Lola es la madre de Tristán, un niño autista por el que viajaría hasta el fin del mundo. Por eso juntos emprenden una travesía hasta la Patagonia Argentina para encontrarse allí con Beto, un guardafauna que tiene una relación muy especial con las orcas salvajes.  Gracias al investigador argentino y su interacción con los animales marinos, el pequeño Tristán descubrirá nuevas posibilidades en su reencuentro con el espíritu de la Naturaleza. La determinación de Lola de luchar por su hijo, la peculiar personalidad del niño y su relación con la naturaleza harán que sus vidas cambien para siempre.', '/so2EQbNMe6kvdvl53hvgSHTyLNU.jpg', 0, 0, 0, 'tt4944658', 'N/A', '5.7', 91, '-1.0', -1, -1, -1, '2016-12-22 15:45:15', '2016-12-22 15:45:15'),
(3, 'Infiltrado', 'infiltrado', 'The Infiltrator', 158409, 325789, 2016, 127, 'Estados Unidos', 'Basada en una historia real ocurrida en los años 80, narra cómo un policía estadounidense se infiltra en una banda de narcos colombianos. Para lograr ese objetivo, Robert Mazur (Bryan Cranston) se infiltrará junto Kathy Ertz (Diane Kruger), quien fingirá ser su futura esposa y Emir Abreu (John Leguizamo), un policía con métodos poco tradicionales para codearse con la cúpula de la organización criminal y ser parte de la mayor operación encubierta antidroga de la historia.', '/3GOfqCeVxLPvgUT87g5X06Dw8uw.jpg', 0, 0, 25000000, 'tt1355631', 'http://www.rottentomatoes.com/m/the_infiltrator/', '6.3', 1194, '7.1', 28036, 69, 153, '2016-12-22 15:45:15', '2016-12-22 15:45:15'),
(4, 'Operación Anthropoid', 'operacion-anthropoid', 'Anthropoid', 310462, 351339, 2016, 120, 'Reino Unido', '1941. Hitler nombra al General de las SS Reinhard Heydrich líder de las fuerzas de ocupación nazis en Checoslovaquia.  Apodado como “El Carnicero de Praga”, su rápido ascenso en las filas de las SS lo colocan como el tercer mandatario tras Hitler y Himmler. Su reinado es de terror y de una brutal represión contra el pueblo checo. Ante esto, las fuerzas aliadas establecidas en Londres se ven en la obligación de idear una misión de alto secreto para cambiar la historia de Checoslovaquia.  Jozef Gabcik y Jan Kubis, son dos soldados checos que, entrenados por los británicos, son los que encabezan el plan para asesinar a Reinhard Heydrich.', '/zPCi0auXzixfHALAT0Ged5Rutyi.jpg', 0, 4600000, 9000000, 'tt4190530', 'http://www.rottentomatoes.com/m/anthropoid', '6.3', 479, '7.3', 11556, 65, 89, '2016-12-22 15:45:15', '2016-12-22 15:45:15'),
(5, 'La comuna', 'la-comuna', 'Kollektivet', 855472, 308409, 2016, 107, 'Dinamarca', 'Dinamarca, años 70. Un matrimonio decide irse a vivir a una comuna. La pareja descubrirá las peculiaridades de la vida colectiva. (FILMAFFINITY)', '/5sH7mi29UMAE7c8p9V4kEjksicu.jpg', 0, 0, 0, 'tt3082854', 'N/A', '5.6', 229, '6.6', 2251, -1, -1, '2016-12-22 15:45:16', '2016-12-22 15:45:16'),
(6, 'Falling', 'falling', 'Falling', 942361, 431158, 2016, 89, 'España', 'Aslan cita a Alma en República Dominicana, donde vivieron los mejores años de su complicado matrimonio. Si Alma pasa 24 horas con él, Aslan le entregará las llaves de la casa en Berlin que han compartido durante más de veinte años. Aslan tiene un único día para cambiar los recuerdos que su ex tiene sobre la vida que han pasado juntos. ¿Hay algo mejor que la sensación de haber completado una buena vida?', '/a94TCLhaZN8SIhpa46zBI06ZWUx.jpg', 0, 0, 0, 'tt5152652', 'N/A', '4.0', 22, '-1.0', -1, -1, -1, '2016-12-22 15:45:16', '2016-12-22 15:45:16'),
(7, 'El tesoro', 'el-tesoro', 'Comoara', 406528, 352364, 2015, 85, 'Rumanía', 'Una pareja con problemas económicos descubre unas coordenadas con su GPS que les podrían guiar hacia un tesoro robado. Para ello se asocian con otra pareja de autoestopistas para encontrar las monedas que les ayudarán a vivir más desahogadamente.', '/5PzdyJ9j9GDee8pYfBTEocatdM2.jpg', 0, 0, 0, 'tt4470266', 'N/A', '6.3', 338, '5.6', 888, -1, -1, '2016-12-22 15:45:16', '2016-12-22 15:45:16'),
(8, 'Violencia', 'violencia', 'Violencia', 128705, 344514, 2015, 78, 'Colombia', 'Violencia es una película sobre la experiencia vivencial de la violencia en los seres humanos. La película explora esta situación desde la observación cuidadosa de los detalles de la vida cotidiana de tres personas, desde la enrarecida atmósfera de normalidad en el conflicto armado colombiano.', '/vyZ7N9erNQSQsDpv4Z8Be6EietQ.jpg', 0, 0, 0, 'tt4426248', 'N/A', '6.7', 34, '6.2', 88, -1, -1, '2016-12-22 15:45:17', '2016-12-22 15:45:17'),
(9, 'Hasta el último hombre', 'hasta-el-ultimo-hombre', 'Hacksaw Ridge', 550924, 324786, 2016, 131, 'Estados Unidos', 'Segunda Guerra Mundial. El sueño de Desmond T. Doss es ser doctor, pero sus escasos estudios se lo impiden. Decide entonces alistarse en el ejército aun sabiendo que sus fuertes convicciones le impiden empuñar un arma. ¿Cómo puede este soldado luchar por su país sin defensa alguna? La intención de Doss es ejercer de médico y de esta manera, mientras todos se quitan la vida, él intentará salvar a todos los hombres que pueda.', '/otyVXE7BhrA0lPlBNzNgBWlbL3f.jpg', 0, 0, 55000000, 'tt2119532', 'http://www.rottentomatoes.com/m/hacksaw_ridge/', '7.5', 2567, '8.6', 24307, 86, 165, '2016-12-22 15:45:18', '2016-12-22 15:45:18'),
(10, 'Fiesta de empresa', 'fiesta-de-empresa', 'Office Christmas Party', 643069, 384682, 2016, 105, 'Estados Unidos', 'A Clay (T. J. Miller) las cosas no le van bien a nivel profesional. Su estirada hermana, Carol Vanstone (Jennifer Aniston), CEO de la compañía, amenaza con cerrar su sucursal, así que Clay, gerente de dicha oficina, decide organizar una fiesta navideña épica para intentar conseguir a un nuevo cliente. Pero no contaba con que la fiesta se saliera de control.', '/3Kw1R6Cjcy785AnkVlKUnWYVrZL.jpg', 0, 0, 0, 'tt1711525', 'http://www.rottentomatoes.com/m/office_christmas_party/', '4.8', 226, '-1.0', -1, -1, -1, '2016-12-22 15:45:19', '2016-12-22 15:45:19'),
(11, 'Paterson', 'paterson', 'Paterson', 779635, 370755, 2016, 113, 'Estados Unidos', 'Paterson (Adam Driver) trabaja como conductor de autobús en Paterson (Nueva Jersey). Cada mañana, el joven Paterson se levanta temprano, sin necesidad de utilizar despertador, y da un beso a su mujer, su amada Laura (Golshifteh Farahani). Luego conduce el autobús y escribe en una libreta algunos poemas. Por la noche, visita el bar de un amigo donde se rinde homenaje a las figuras claves de la ciudad, como Lou Costello, Allen Ginsberg o Iggy Pop. Paterson, poeta en su tiempo libre, vive tranquilo en su discreta y rutinaria existencia. Las repeticiones marcan su vida cotidiana, su único compromiso diario es con la escritura de unos poemas que dan cuenta de su visión del mundo, mientras vive una bella historia de amor junto a su mujer.', '/12X3qsE1D1RsqOSCXVjLkJKzq5U.jpg', 0, 0, 0, 'tt5247022', 'http://www.rottentomatoes.com/m/paterson/', '7.2', 1553, '7.7', 1204, 95, 62, '2016-12-22 15:45:19', '2016-12-22 15:45:19'),
(12, 'El editor de libros', 'el-editor-de-libros', 'Genius', 251569, 267192, 2016, 104, 'Reino Unido', 'Biopic de Max Perkins, editor en Scribner, donde supervisó obras de Thomas Wolfe, Ernest Heminway, Scott Fitzgerald y otros.', '/qbxUHt1UfoUmB7ZYtJLwBUQ15pT.jpg', 0, 0, 0, 'tt1703957', 'http://www.rottentomatoes.com/m/genius_2013/', '5.9', 407, '6.6', 5616, 49, 94, '2016-12-22 15:45:20', '2016-12-22 15:45:20'),
(13, 'Las apariencias engañan', 'las-apariencias-enganan', 'Keeping Up with the Joneses', 632157, 331313, 2016, 105, 'Estados Unidos', 'Una convencional pareja de los suburbios (Zach Galifianakis &amp; Isla Fisher) se ve envuelta en una trama de espionaje internacional cuando descubren que sus nuevos vecinos (Jon Hamm &amp; Gal Gadot), una pareja sofisticada, son espías del gobierno.', '/ysJ7q8WQR3oeeInBXoeOJZXPL5g.jpg', 0, 0, 0, 'tt2387499', 'http://www.rottentomatoes.com/m/keeping_up_with_the_joneses/', '4.6', 53, '5.8', 2510, 19, 104, '2016-12-22 15:45:20', '2016-12-22 15:45:20'),
(14, 'María (y los demás)', 'maria-y-los-demas', 'María', 511318, 415396, 2016, 90, 'España', 'Desde que murió su madre cuando ella tenía 15 años, María ha cuidado de su padre y de sus hermanos. Responsable y controladora, siempre ha sido el pilar de la familia, y se siente orgullosa de ello. Por eso, cuando su padre se enamora repentinamente de su enfermera y anuncia su inminente compromiso, María siente que su vida se desmorona. Con 35 años y sin novio a la vista, deberá atreverse a cambiar su destino.', '/nTGzI9Dbm3Nsk4imT1st5e7IbY5.jpg', 0, 0, 0, 'tt4597598', 'N/A', '6.7', 464, '9.0', 24, -1, -1, '2016-12-22 15:45:20', '2016-12-22 15:45:20'),
(15, 'Migas de pan', 'migas-de-pan', 'Migas de pan', 965224, 416369, 2016, 109, 'Uruguay', 'Drama inspirado en el relato de Liliana Pereira, una ex presa política de la última dictadura de Uruguay (1973-1985). La joven fue encarcelada en el año 1975 por sus ideas, fue torturada y perdió la custodia de su hijo. Años después, en 1982, Liliana decide volver a su país para enfrentarse a su pasado. Allí tendrá que elegir entre lo que le pide su corazón y lo que le dicta su conciencia, y se enfrentará al dilema de elegir entre la concordia con su hijo y la denuncia colectiva que prepara un grupo de antiguas compañeras de presidio.', '/lVgW3Vl93K1tGvVIjdJW9P3uPLx.jpg', 0, 0, 0, 'tt5121548', 'N/A', '6.3', 86, '-1.0', -1, -1, -1, '2016-12-22 15:45:20', '2016-12-22 15:45:20'),
(16, 'Vaiana', 'vaiana', 'Moana', 572473, 277834, 2016, 113, 'Estados Unidos', 'Una gran comedia de aventuras acerca de una enérgica adolescente que se embarca en una misión audaz para salvar a su pueblo. Durante su travesía, Moana, se encuentra con el alguna vez todopoderoso semidiós Maui, quien la guía en su aventura para convertirse en una experta navegante. Juntos atravesarán el océano en un viaje lleno de acción, en el que se encontrarán con enormes y feroces criaturas e imposibles desafíos; y en el camino, Moana cumple la misión de sus antepasados y descubre lo que siempre persiguió: su propia identidad.', '/68j7CNWq1nrtN1EMck5icxHfwSt.jpg', 0, 97400000, 150000000, 'tt3521164', 'http://www.rottentomatoes.com/m/moana_2016/', '7.3', 1850, '8.4', 1264, 97, 159, '2016-12-22 15:45:21', '2016-12-22 15:45:21'),
(17, '1898. Los últimos de Filipinas', '1898-los-ultimos-de-filipinas', '1898. Los últimos de Filipinas', 253954, 403357, 2016, 129, 'España', 'A finales del siglo XIX, en la colonia española de Filipinas, un destacamento español fue sitiado en el pueblo de Baler, en la isla filipina de Luzón, por insurrectos filipinos revolucionarios, durante 337 días. En diciembre de 1898, con la firma del Tratado de París entre España y Estados Unidos, se ponía fin formalmente a la guerra entre ambos países y España cedía la soberanía sobre Filipinas a Estados Unidos. Debido a esto, los sitiados en Baler son conocidos como «los últimos de Filipinas»', '/kZvbwQhppBb1buffffyDmjZMxPc.jpg', 0, 0, 0, 'tt5698568', 'N/A', '6.5', 1323, '-1.0', -1, -1, -1, '2016-12-22 15:45:21', '2016-12-22 15:45:21'),
(18, 'Animales nocturnos', 'animales-nocturnos', 'Nocturnal Animals', 731857, 340666, 2016, 115, 'Estados Unidos', 'Narra la historia de Susan Morrow, una mujer que tras abandonar a su primer marido, un escritor inédito, vive ahora con un médico. De repente recibe un paquete en el que descubre la primera novela de su ex, quien en una nota le pide que por favor la lea, pues ella siempre fue su mejor crítica. Susan lo hace y a medida que se sumerge en la narración, la propia novela acaba olvidando la historia principal para acabar hechizada por este relato dentro del relato, síntoma evidente de que a la nueva vida de Susan le falta algo y deberá explorar en su pasado para saber qué es lo que le impide seguir adelante.', '/d7gmZC0YpmjbS7begyVoTzRS8v8.jpg', 0, 0, 22500000, 'tt4550098', 'http://www.rottentomatoes.com/m/nocturnal_animals/', '7.3', 3263, '8.0', 7646, 72, 159, '2016-12-22 15:45:21', '2016-12-22 15:45:21'),
(19, 'Villaviciosa de al lado', 'villaviciosa-de-al-lado', 'Villaviciosa de al lado', 410078, 375868, 2016, 90, 'España', 'Nueva película del director de cine Nacho G. Velilla con la que pretende hacernos reflexionar sobre lo que ocurre cuando sacamos lo peor de nosotros mismos y hacernos ver de qué manera luchamos entre lo que queremos ser, y lo que somos. Desde un tono de comedia, tal y como nos tiene acostumbrados, nos traslada a Villaviciosa de al Lado, una pequeña localidad a la que ha ido aterrizar el primer premio de la lotería. Sin embargo, no todo es tan fácil como parece, y celebrar esta buena noticia va a costar más de lo que pensaba, ya que el número ganador se vendió en el Club Momentos, un local de alterne, entonces, ¿confesarán nuestros protagonistas que compraron el boleto, o se lo callarán y seguirán en números rojos para no arrastrar una etiqueta entre los habitantes del pueblo? Hasta los mejores sueños pueden convertirse en verdaderas pesadillas. (sensacine)', '/97U4nRcXLUQiql4nDU7etF8r6Aq.jpg', 0, 0, 0, 'tt5674842', 'N/A', '4.6', 839, '-1.0', -1, -1, -1, '2016-12-22 15:45:22', '2016-12-22 15:45:22'),
(20, 'La doncella (The Handmaiden)', 'la-doncella-the-handmaiden', 'Ah-ga-ssi', 948449, 290098, 2016, 145, 'Corea del Sur', 'Corea, década de 1930, durante la colonización japonesa. Una joven  (Sookee) es contratada como mucama de una rica mujer japonesa (Hideko), que vive recluida en una gran mansión bajo la influencia de un tirano. Sookee guarda un secreto y con la ayuda de un estafador que se hace pasar por un conde japonés, planea algo para Hideko.', '/wvzfK5QR6dGLwND8MCzWjsQWG4Q.jpg', 0, 0, 0, 'tt4016934', 'N/A', '7.6', 2021, '8.1', 8711, -1, -1, '2016-12-22 15:45:23', '2016-12-22 15:45:23'),
(21, 'Madre sólo hay una', 'madre-solo-hay-una', 'Mãe só há uma', 406562, 382455, 2016, 88, 'Brasil', 'Después de descubrir la verdad, que fueron robados por la mujer que él creía que era su madre cuando era niño, Pierre (cuyo verdadero nombre es Felipe) debe hacer frente a todas las consecuencias de las acciones de su madre y conocer a su familia biológica.', '/hzc4Pue7gTXa0hicy7PeIhNsxzU.jpg', 0, 0, 0, 'tt5452964', 'http://www.rottentomatoes.com/m/dont_call_me_son', '6.5', 84, '7.1', 489, 77, 13, '2016-12-22 15:45:23', '2016-12-22 15:45:23'),
(22, 'Aliados', 'aliados', 'Allied', 854266, 369885, 2016, 124, 'Estados Unidos', '1942. Segunda Guerra Mundial. Max (Brad Pitt) es un espía del bando aliado que se enamora de Marianne (Marion Cotillard), una compañera francesa, tras una peligrosa misión en el norte de África. La pareja comienza una relación amorosa hasta que a él le notifican que Marianne puede que sea una agente doble que trabaja para los nazis.', '/rUMUQgKzEr23FBDmuiMUg5uKxzJ.jpg', 0, 27100000, 85000000, 'tt3640424', 'http://www.rottentomatoes.com/m/allied/', '6.4', 2196, '7.3', 1320, 61, 153, '2016-12-22 15:45:23', '2016-12-22 15:45:23'),
(23, 'Marea negra', 'marea-negra', 'Deepwater Horizon', 582922, 296524, 2016, 107, 'Estados Unidos', 'Basado en los eventos sucedidos en el Golfo de México en abril del 2010, cuando un accidente en un oleoducto causó una catástrofe que mató a 11 personas e hirió a otras 16, provocando además una de las catástrofes medioambientales más graves causadas por el hombre.', '/mmFHdEGHNx9PB5LSyhAT8FUd71V.jpg', 0, 118188581, 110000000, 'tt1860357', 'http://www.rottentomatoes.com/m/deepwater_horizon/', '6.1', 623, '7.5', 21684, 84, 203, '2016-12-22 15:45:25', '2016-12-22 15:45:25'),
(24, 'La reina de España', 'la-reina-de-espana', 'La reina de España', 853512, 401252, 2016, 128, 'España', 'La película cuenta la historia del retorno a España de la gran estrella Macarena Granada (Penélope Cruz), quien tras haber triunfado en Hollywood regresa a nuestro país para incorporarse, en el papel de Isabel la Católica, a  uno de los increíbles rodajes que vinieron a filmar los americanos a partir de 1956, una vez terminado el bloqueo internacional a la dictadura. Al enterarse Blas Fontiveros (Antonio Resines), que no había vuelto a España desde que se fuera a dirigir La niña de tus ojos 18 años atrás, decide regresar y encontrarse con algunos de sus viejos amigos. Su llegada desata una serie de acontecimientos que pondrán a prueba el rodaje de la superproducción.', '/xupHjILYsupD1zqczhj7ZqPRKhy.jpg', 0, 0, 0, 'tt2411144', 'N/A', '4.5', 989, '-1.0', -1, -1, -1, '2016-12-22 15:45:25', '2016-12-22 15:45:25'),
(25, 'Los exámenes', 'los-examenes', 'Bacalaureat', 417706, 374458, 2016, 128, 'Rumanía', 'Romeo es un médico de casi 50 años que dejó atrás las ilusiones relacionadas con su matrimonio, ahora acabado, y su Rumanía, destrozada por los acontecimientos. Para él todo lo que importa ahora es su hija, de 18 años. Tras los exámenes finales, la joven irá a estudiar a una prestigiosa escuela en Inglaterra. En la víspera del examen, la hija es atacada en la calle. A partir de entonces, hará todo lo posible para garantizar que ello no perturbe el destino que ha elegido para su hija. (FILMAFFINITY)', '/pH40Jwg16JoJ8QM2oJyRvj6P7EC.jpg', 0, 0, 0, 'tt4936450', 'N/A', '6.9', 378, '7.8', 1763, -1, -1, '2016-12-22 15:45:25', '2016-12-22 15:45:25'),
(26, 'Sicixia', 'sicixia', 'Sicixia', 811174, 427120, 2016, 98, 'España', 'Xiao es un ingeniero de sonido que recorre las localidades y lugares más recónditos de Galicia en la procura de sonidos, de la gente y de la naturaleza. En este viaje conocerá a Olalla, quien trabaja en la cosecha de algas y despertará en Xiao la pasión por la vida, la tierra y lo salvaje de la Costa da Morte. (FILMAFFINITY)', '/z17w7H4MjlVhRviDh0DZ3xzStYC.jpg', 0, 0, 0, 'tt5822414', 'N/A', '5.8', 157, '5.4', 5, -1, -1, '2016-12-22 15:45:25', '2016-12-22 15:45:25'),
(27, 'Animales fantásticos y dónde encontrarlos', 'animales-fantasticos-y-donde-encontrarlos', 'Fantastic Beasts and Where to Find Them', 215415, 259316, 2016, 133, 'Reino Unido', 'Adaptación del libro "Animales fantásticos y donde encontrarlos" de J.K Rowling, ambientado en el mundo del famoso aprendiz de mago Harry Potter.  La historia la protagonizará Newt Scamander, autor ficticio de la novela y se remontará 70 años antes de ''Harry Potter y la piedra filosofal''. Se trata del libro que los alumnos aprendices de mago de Hogwarts de tercer año utilizan para la asignatura de "Cuidado de criaturas mágicas" impartida por Rubeus Hagrid. Un extenso manual en el que están clasificados las diferentes bestias y criaturas mágicas que habitan en el mundo mágico. En él, quedan por tanto registradas y descritas 75 especies mágicas encontradas alrededor del mundo, una información que Scamander recogió a lo largo de muchos años durante sus viajes por los 5 continentes.  - Una película que no predecerá ni continuará la historia de Harry Potter, pero que sí se ambientará en su mundo para contar esta vez, las aventuras de Newt Scamander. -', '/4VeQw0nM3yV6iKcWDgtbBCeWzKp.jpg', 0, 505127757, 180000000, 'tt3183660', 'http://www.rottentomatoes.com/m/fantastic_beasts_and_where_to_find_them/', '6.6', 9224, '7.9', 75816, 75, 239, '2016-12-22 15:45:25', '2016-12-22 15:45:25'),
(28, 'La llegada', 'la-llegada', 'Arrival', 420650, 329865, 2016, 116, 'Estados Unidos', 'Cuando misteriosas naves espaciales aterrizan en todo el mundo, un equipo de élite (Jeremy Renner y Forest Whitaker) liderado por la lingüista Louise Banks (Amy Adams) intentan descifrar el motivo de su visita. A medida que la humanidad se tambalea al borde de una guerra, Louise y su equipo luchan contra el tiempo llegando a poner en peligro su vida y, muy posiblemente, la del resto de la humanidad.', '/AcilyyFwtFuZAkSD9oi2CBw4J9Q.jpg', 0, 97946020, 47000000, 'tt2543164', 'http://www.rottentomatoes.com/m/story_of_your_life/', '7.6', 13262, '8.4', 78074, 93, 275, '2016-12-22 15:45:26', '2016-12-22 15:45:26'),
(29, 'Amor y amistad', 'amor-y-amistad', 'Love and Friendship', 275909, 296360, 2016, 94, 'Irlanda', 'Kate Beckinsale y Chloë Sevigny protagonizan el drama de época ''Love &amp; Friendship'', el cual se basa en el libro “Lady Susan”, escrito por Jane Austen.  Siglo XVIII. La bella viuda Lady Susan Vernon huye de los chismes sobre sus asuntos amorosos buscando refugio en la hacienda de sus ex suegros. Allí reflexiona sobre la vida y decide conseguir un nuevo marido para ella y un buen pretendiente para su hija, Federica.', '/x8DsZlu6upFZoUoyFPTT2xXPJyS.jpg', 0, 0, 0, 'tt3068194', 'http://www.rottentomatoes.com/m/love_and_friendship/', '6.2', 657, '6.6', 11928, 98, 166, '2016-12-22 15:45:27', '2016-12-22 15:45:27'),
(30, 'Jack Reacher: Nunca vuelvas atrás', 'jack-reacher-nunca-vuelvas-atras', 'Jack Reacher 2: Never Go Back', 722160, 343611, 2016, 118, 'Estados Unidos', 'Jack Reacher regresa a su antigua base militar en Virginia. Será entonces cuando el exmilitar que investiga crímenes ocurridos en extrañas circunstancias, se verá acusado de un crimen que no ha cometido. Su objetivo será descubrir la verdad de lo que está pasando, y para ello tendrá que emplearse duramente para salvaguardar su nombre y seguir con vida.', '/ksIDLrTff1UA39vkFI7812qxcAG.jpg', 0, 155164977, 68000000, 'tt3393786', 'http://www.rottentomatoes.com/m/jack_reacher_never_go_back/', '5.2', 822, '6.3', 22497, 38, 190, '2016-12-22 15:45:28', '2016-12-22 15:45:28'),
(31, 'No culpes al karma de lo que te pasa por gilipollas', 'no-culpes-al-karma-de-lo-que-te-pasa-por-gilipollas', 'No culpes al karma de lo que te pasa por gilipollas', 853022, 403499, 2016, 98, 'España', 'A Sara le gusta planificar y quiere todo salga perfecto para la visita de su novio que lleva un año fuera.  Pero una semana antes de su llegada, la vida de Sara, y su piso, se convierten en un caos. Sus padres al borde del divorcio y una hermana menor a punto de casarse con Aarón, un famoso cantante que resulta ser el amor de instituto de Sara.  ¿Qué ha hecho mal para que el karma le devuelva todo esto?', '/uqF6fgIg2JRzixr4Yjgtc2wxnB9.jpg', 0, 0, 0, 'tt5433520', 'N/A', '4.8', 690, '-1.0', -1, -1, -1, '2016-12-22 15:45:28', '2016-12-22 15:45:28'),
(32, 'El ciudadano ilustre', 'el-ciudadano-ilustre', 'El ciudadano ilustre', 805225, 408537, 2016, 118, 'Argentina', 'El ciudadano ilustre cuenta la historia de un argentino Premio Nobel de Literatura que abandonó su pueblo para vivir en Europa.\r Triunfó escribiendo sobre todo lo que sucedía en su localidad, y cuando el intendente del pueblo lo invita para nombrarlo Ciudadano Ilustres, él decide cancelar todos sus planes y volar de nuevo a su pueblo.\r Tras años fuera, su llegada desencadena una serie de situaciones entre su figura y las personas del lugar.', '/iPNmmWDJOqYgCXYTO3AxkfJN8F1.jpg', 0, 0, 0, 'tt4562518', 'N/A', '7.3', 1561, '7.8', 58, -1, -1, '2016-12-22 15:45:28', '2016-12-22 15:45:28'),
(33, 'Después de la tormenta', 'despues-de-la-tormenta', 'Umi yori mo mada fukaku', 968604, 374671, 2016, 117, 'Japón', 'A pesar de haber empezado una prometedora carrera de escritor, Ryota va de desilusión en desilusión. Se ha divorciado de Kyoko y gasta todo el dinero que gana como detective privado apostando en las carreras, por lo que finalmente no puede pagar la pensión alimentaria de su hijo de 11 años, Shingo. Ahora Ryota intenta ganarse nuevamente la confianza de sus seres queridos y formar parte de la vida de su hijo. La situación no parece fácil, pero un día un tifón obliga a toda la familia a pasar una noche juntos… (FILMAFFINITY)', '/3LMgp7Zqtim1GK9gyxfNIys3s8p.jpg', 0, 0, 0, 'tt5294966', 'N/A', '6.9', 436, '7.8', 826, -1, -1, '2016-12-22 15:45:28', '2016-12-22 15:45:28'),
(34, 'Peppa Pig: Las botas de oro', 'peppa-pig-las-botas-de-oro', 'Peppa Pig: The Golden Boots', 344697, 325527, 2015, 62, 'Reino Unido', 'A Peppa le encanta saltar una y otra vez en los charcos de barro llevando puestas sus queridas Botas de Oro, aunque Suzy piense que son solo unas botas amarillas normales y corrientes. Lamentablemente, a la Señora Pato también le gustan las botas de Peppa y ¡se escapa con ellas puestas!.  Con la ayuda de sus amigos, Mamá Pig, Papá Pig, George y el Abuelo Rabbit, Peppa tendrá que viajar por tierra, mar e incluso a través del espacio para recuperar sus Botas de Oro antes del Gran Concurso de Salto de Charcos.', '/JDVhs7zivPpjoKU1yUBaCq171g.jpg', 0, 0, 0, 'tt4373888', 'http://www.rottentomatoes.com/m/peppa_pig_the_golden_boots/', '4.4', 41, '5.7', 38, -1, -1, '2016-12-22 15:45:29', '2016-12-22 15:45:29'),
(35, 'Sully', 'sully', 'Sully', 650789, 363676, 2016, 96, 'Estados Unidos', 'Chesley “Sully” Sullenberger es un piloto comercial que en 2009 se convirtió en un héroe cuando, al poco de despegar, su avión se averió y el comandante logró realizar un aterrizaje forzoso del aparato en pleno río Hudson, en Nueva York, con 155 pasajeros a bordo.', '/lDNHpfXayqkyEBBekETWXS0VSxA.jpg', 0, 200628672, 60000000, 'tt3263904', 'http://www.rottentomatoes.com/m/sully/', '6.7', 6217, '7.7', 42673, 84, 237, '2016-12-22 15:45:29', '2016-12-22 15:45:29'),
(36, '100 metros', '100-metros', '100 metros', 913240, 402693, 2016, 108, 'España', 'Ramón Arroyo es un empresario de éxito y un padre de familia que quisiera pasar más tiempo con su mujer e hijo. Cuando su suegro, viudo y amargado, se instala en su casa, él empieza a usar el trabajo como válvula de escape. Pero entonces es diagnosticado con esclerosis múltiple y pronto no podrá caminar ni 100 metros. Ramón intenta ignorar la realidad, y acaba asilándose del mundo… Hasta el nacimiento de su segundo hijo. Con la llegada del pequeño se propone seguir luchando y por eso toma la decisión de acabar la prueba atlética más dura del mundo: el ironman. (sensacine)', '/tuAriiEq5rFlp44mvneLP3p7BL4.jpg', 0, 0, 0, 'tt5089786', 'N/A', '7.0', 778, '7.7', 42, -1, -1, '2016-12-22 15:45:29', '2016-12-22 15:45:29'),
(37, 'Dr. Strange (Doctor Extraño)', 'dr-strange-doctor-extrano', 'Doctor Strange', 858509, 284052, 2016, 115, 'Estados Unidos', '"Doctor Strange" se basa en el personaje de cómic creado por Stan Lee y Steve Ditko en 1963. La historia gira en torno al Dr. Stephen Strange, un mundialmente conocido neurocirujano cuya vida no volverá a ser la misma después de que un accidente de tráfico le prive del uso de sus manos. La medicina tradicional fracasa por lo que se ve obligado a buscar una curación y también una esperanza en un extraño lugar, un enclave conocido con el nombre de Kamar-Taj.', '/wIr0eD4YB0hu7bLY9m08AyUjCpw.jpg', 0, 617025426, 165000000, 'tt1211837', 'http://www.rottentomatoes.com/m/doctor_strange_2016/', '6.8', 9559, '7.9', 145669, 91, 264, '2016-12-22 15:45:30', '2016-12-22 15:45:30'),
(38, 'Que Dios nos perdone', 'que-dios-nos-perdone', 'Que Dios nos perdone', 332264, 394684, 2016, 125, 'España', 'Dos inspectores de policía con personalidades muy opuestas habrán de iniciar la búsqueda contrarreloj de un asesino en serie en Madrid del año 2011. Con un calor arrollador, en plena crisis económica, con manifestaciones del 15-M y encima con la portentosa visita del Papa Benedicto XVI durante la Jornada Mundial de la Juventud [BALDOVi.net]', '/zN2bXKXkfiz9JthTHgGNbHZOHlJ.jpg', 0, 0, 0, 'tt4944596', 'http://www.rottentomatoes.com/m/que_dios_nos_perdone', '7.3', 3169, '7.8', 76, 100, 5, '2016-12-22 15:45:30', '2016-12-22 15:45:30'),
(39, 'Trolls', 'trolls', 'Trolls', 516553, 136799, 2016, 93, 'Estados Unidos', 'Conocidos por sus pelos de colores, locos y mágicos, los Trolls son las criaturas más felices y alegres que irrumpen en el mundo de la canción. Pero su mundo de arco iris y cupcakes cambiará para siempre cuando su líder Poppy (Anna Kendrick) debe embarcarse en una misión de rescate que la llevará muy lejos del único mundo que siempre ha conocido.', '/yAdwXn2SsbJvkP42ZVEGoayJ0nW.jpg', 0, 223960000, 120000000, 'tt1679335', 'http://www.rottentomatoes.com/m/trolls/', '5.8', 776, '6.7', 7800, 75, 123, '2016-12-22 15:45:30', '2016-12-22 15:45:30'),
(40, 'Ouija: El origen del mal', 'ouija-el-origen-del-mal', 'Ouija: Origin of Evil', 466142, 335796, 2016, 99, 'Estados Unidos', 'Una joven usará la ouija imprudentemente para intentar contactarse con su padre recientemente fallecido. Ella y su grupo de amigos deberán enfrentarse a sus peores temores cuando despierten a un ser maléfico procedente del otro lado y al que solo ellos pueden devolver a su origen.', '/f7TNFJr25JKej8fSqjBz8hlu171.jpg', 0, 0, 9000000, 'tt4361050', 'http://www.rottentomatoes.com/m/ouija_2/', '5.1', 1558, '6.3', 11127, 82, 101, '2016-12-22 15:45:31', '2016-12-22 15:45:31'),
(41, 'Yo, Daniel Blake', 'yo-daniel-blake', 'I, Daniel Blake', 245859, 374473, 2016, 100, 'Reino Unido', 'Por primera vez en su vida, víctima de problemas cardiacos, Daniel Blake, carpintero inglés de 59 años, se ve obligado a acudir a las ayudas sociales. Sin embargo, a pesar de que el médico le ha prohibido trabajar, la administración le obliga a buscar un empleo si no desea recibir una sanción. En el transcurso de sus citas al “job center”, Daniel se cruza con Rachel, una madre soltera de dos niños que tuvo que aceptar un alojamiento a 450 km de su ciudad para evitar que la envíen a un hogar de acogida. Prisioneros de la maraña de aberraciones administrativas actuales de Gran Bretaña, Daniel y Rachel intentarán ayudarse mutuamente.', '/510m831PrM9O95otxWiPH24JbVc.jpg', 0, 0, 0, 'tt5168192', 'http://www.rottentomatoes.com/m/i_daniel_blake/', '7.1', 1356, '8.1', 5184, 92, 75, '2016-12-22 15:45:31', '2016-12-22 15:45:31'),
(42, 'Ozzy', 'ozzy', 'Ozzy', 149822, 411221, 2016, 90, 'España', 'La idílica vida de Ozzy, un simpático y pacífico beagle que se ha criado entre algodones junto a la familia Martin, va a dar un vuelco. Cuando su familia no puede llevarle a un largo viaje lejos de su hogar, le depositan en lo que creen que es el mejor balneario canino, Blue Creek. Pero la perfecta estampa del lugar resulta ser una fachada urdida por su villano propietario, y otro destino bien distinto aguarda a Ozzy: éste irá pronto a parar al verdadero Blue Creek, una cárcel para perros, habitada en su mayoría por duros chuchos callejeros y donde prevalece la ley del más fuerte. Allí dentro Ozzy tendrá que esquivar el peligro, encontrar fuerzas donde no creía tenerlas y aprender a apoyarse en Chester, Fronky y Doc, los nuevos amigos que le acompañarán en esta aventura para intentar regresar sano y salvo.', '/c5j9sa4Ta6feTvLWQeSnJXRoppq.jpg', 0, 0, 0, 'tt5770430', 'http://www.rottentomatoes.com/m/ozzy', '4.1', 135, '5.9', 76, -1, -1, '2016-12-22 15:45:32', '2016-12-22 15:45:32'),
(43, 'Un monstruo viene a verme', 'un-monstruo-viene-a-verme', 'Un monstruo viene a verme', 269350, 258230, 2016, 108, 'España', 'Connor es un joven de 12 años que, tras la separación de sus padres, se convierte en el hombre de la casa y el encargado de llevar las riendas del hogar. Con su joven madre enferma de cáncer, el pequeño intentará superar todos sus miedos y fobias con la ayuda de un monstruo. Fantasía, cuentos de hadas e historias imaginarias del pequeño se verán las caras no sólo con la realidad, sino con su fría y calculadora abuela... Con este nuevo trabajo J.A. Bayona cerrará una trilogía sobre las relaciones madre-hijo, que inició con "El orfanato" y continuó con "Lo imposible".', '/mMlZ9Sgznja3vCaOOu2yfXlvCZH.jpg', 0, 0, 0, 'tt3416532', 'http://www.rottentomatoes.com/m/a_monster_calls/', '6.9', 13368, '7.7', 4339, 84, 49, '2016-12-22 15:45:32', '2016-12-22 15:45:32'),
(44, 'Historia de una pasión', 'historia-de-una-pasion', 'A Quiet Passion', 333810, 368942, 2016, 125, 'Reino Unido', '¿Quién fue Emily Dickinson? ¿Quién se escondía detrás de la poetisa que paso la mayor parte de su vida en casa de sus padres en Amherst, Massachusetts? La mansión en la que vivió sirve de telón de fondo al retrato de una mujer nada convencional de la que se sabe muy poco. Nacida en 1803, fue considerada una niña con talento, pero un trauma emocional la obligó a dejar los estudios. A partir de ese momento, se retiró de la sociedad y empezó a escribir poemas. A pesar de su vida solitaria, su obra transporta a sus lectores a su apasionante mundo. La historia de la poeta estadounidense Emily Dickinson, desde su infancia hasta convertirse en la famosa artista que conocemos.', '/wAAQIjRkaorAXZUaYpPwXiMWsL8.jpg', 0, 0, 0, 'tt2392830', 'http://www.rottentomatoes.com/m/a_quiet_passion/', '6.7', 443, '7.6', 387, 81, 21, '2016-12-22 15:45:33', '2016-12-22 15:45:33'),
(45, 'Cigüeñas', 'cigueenas', 'Storks', 247868, 332210, 2016, 89, 'Estados Unidos', 'En Montaña Cigüeña, viven las cigüeñas que hace tiempo enviaban bebés a los padres de todo el mundo. Ahora distribuyen los paquetes de una compañía mundial de Internet. Junior, la mejor cigüeña repartidora de la compañía, está a punto de conseguir un ascenso, pero accidentalemete activa la Máquina de Producción de Bebés y el resultado es una adorable niña ilegal. Para evitar que su jefe se entere, Junior y su amiga Tulip, el único ser humano de Montaña Cigüeña, se apresuran a entregar el bebé en un viaje salvaje que podría afectar a la integridad de más de una familia y restablecer la verdadera misión de las cigüeñas en el mundo. Debut en el largometraje de Doug Sweetland, responsable del corto de Pixar "Presto" (2008).', '/bCdVSwZFYVEaFY2uIXQ4PdKlbQ7.jpg', 0, 0, 70000000, 'tt4624424', 'http://www.rottentomatoes.com/m/storks/', '6.0', 1025, '7.0', 13394, 63, 113, '2016-12-22 15:45:33', '2016-12-22 15:45:33'),
(46, 'Las inocentes', 'las-inocentes', 'Les innocentes', 745093, 364051, 2016, 100, 'Francia', 'Agosto de 1945. Un monasterio cerca de Varsovia (Polonia) alberga un oscuro secreto. Mathilde Beaulieu es una joven médico enviada por la Cruz Roja con el fin de garantizar la repatriación de los prisioneros franceses heridos en la frontera entre Alemania y Polonia. Pero la sorpresa llega cuando descubre que una gran parte de las hermanas del convento están embarazadas por soldados del Ejército Rojo. Aunque Mathilde es inexperta, deberá aprender a sacar adelante esta inusual situación y ayudar a las hermanas.', '/Aiwr2guib9g4b0wZK1csA5PRcBV.jpg', 0, 0, 6000000, 'tt4370784', 'N/A', '6.7', 293, '7.4', 2699, -1, -1, '2016-12-22 15:45:34', '2016-12-22 15:45:34'),
(47, 'X', 'x-1', 'X', 820802, 71801, 2002, 95, 'España', 'Un asesinato sin testigos. Una incógnita.', '/hbWmjs1ZZwt2M1X5lgKuBBIgvfd.jpg', 0, 0, 0, 'tt0326430', 'http://www.rottentomatoes.com/m/x_equis/', '5.3', 762, '5.9', 155, -1, -1, '2016-12-22 16:36:58', '2016-12-22 16:49:57'),
(48, 'X: La película', 'x-la-pelicula-1', 'X: The Movie', 821434, 44587, 1996, 100, 'Japón', 'A las puertas del siglo XXI, la batalla por el futuro de la humanidad ha comenzado. Los Dragones del Cielo, defensores del orden, llevan luchando desde hace años contra los Dragones de la Tierra, quienes pretenden destruir el planeta a la espera de su posterior purificación. Sin embargo, la encarnizada lucha de los dos bandos y el destino de la Tierra tienen su clave en Kamui Shirou, un joven con un extraordinario poder. Kamui deberá elegir a qué clan seguir. Sin embargo, lo que nuestro protagonista no sabe es que los Dragones de la Tierra han urdido un maléfico plan para inclinar la balanza a su favor...', '/dXw7npx7w6Ik5iZM0rm1XguUMW4.jpg', 0, 0, 0, 'tt0184041', 'http://www.rottentomatoes.com/m/x-the-movie/', '6.0', 194, '6.2', 2154, 44, 18, '2016-12-22 16:36:58', '2016-12-22 16:49:58'),
(49, 'X: Night of Vengeance', 'x-night-of-vengeance-1', 'X', 293031, 73454, 2011, 89, 'Australia', 'Holly Rowe se jubila dejando atrás su vida de callgirl y está pasando su última noche de trabajo. Shay Ryan es una joven fugitiva, desesperada y sola. Se dispone a pasar su primera noche como prostituta de la calle. El destino hará que acaben juntas en un trabajo que se termina torciendo y se verán atrapadas en una montaña rusa fuera de control en la oscura zona del sexo en venta. X en un thriller para adultos sobre el amor, las oportunidades, la huida y la más vieja profesión del mundo experimentada por dos mujeres en una noche que cambiará el resto de sus vidas.', '/jrjLmDzn4tzOblDiH9y6RFbt9xO.jpg', 0, 0, 0, 'tt1661099', 'http://www.rottentomatoes.com/m/x_night_of_vengeance/', '4.6', 487, '5.6', 5985, 69, 16, '2016-12-22 16:36:58', '2016-12-22 16:49:58'),
(50, 'Xala', 'xala-1', 'Xala', 195087, 76636, 1975, 123, 'Senegal', 'El rico hombre de negocios El Hadji Abdoukader Beye celebra matrimonio con la tercera de sus esposas. La noche de bodas, para su espanto, descubre que ha caído sobre él la Xala, maleficio que le provoca impotencia sexual. A partir de ahí, la vida de El Hadji es trastornada. De una parte, necesita buscar alguna cura e incluso los negocios comienzan a hundirse.', '/bwyGQIwsIHIBjh1gnhAuZqiPxG0.jpg', 0, 0, 0, 'tt0073915', 'http://www.rottentomatoes.com/m/1144215-xala/', '6.7', 115, '6.8', 1159, 100, 6, '2016-12-22 16:36:58', '2016-12-22 16:49:58'),
(51, 'Xanadu', 'xanadu-1', 'Xanadu', 253993, 15668, 1980, 93, 'Estados Unidos', 'Kira es una de las hijas de Zeus y musa de las artes. Cumpliendo ese trabajo, visita al pintor Sonny Malone, a quien inspira con un beso. Sin embargo, la bella diosa y el mortal se enamoran, lo que será un problema en el orden cósmico. Al mismo tiempo, un viejo músico sueña con abrir un club nocturno al viejo estilo, un proyecto en el que Kira y Sonny se involucrarán... Los años 40 se encuentran con los 80 en "Xanadú", una mirada hacia el futuro a la vez que un recuerdo romántico de cómo eran las cosas durante la época dorada de Hollywood.', '/p5c3xvqVo3bLeWh2JjJHkeGBAtp.jpg', 0, 22471595, 20000000, 'tt0081777', 'http://www.rottentomatoes.com/m/xanadu/', '4.5', 1081, '5.0', 9446, 38, 24, '2016-12-22 16:36:59', '2016-12-22 16:49:58'),
(52, 'Z.', 'z-1', 'Z.', 845433, 2721, 1969, 127, 'Argelia', 'En un país regido por una corrupta democracia, donde el gobierno utiliza a la Policía y al Ejército para erradicar cualquier amenaza izquierdista, un diputado de la oposición es asesinado en plena calle cuando acababa de presidir un mitin de carácter pacifista. De la investigación del caso se encarga un joven magistrado consciente de que se trata de un crimen político cometido por dos sicarios a sueldo. Al mismo tiempo, un ambicioso periodista se servirá de métodos poco ortodoxos para acumular pruebas que inculpen a varios militantes de un partido de extrema derecha, los cuales, a su vez, atribuyen la responsabilidad del atentado a altos cargos de la policía y del ejército.', '/soo7Ji0sXNIGyYu8Om6bA0VbsPq.jpg', 0, 0, 0, 'tt0065234', 'http://www.rottentomatoes.com/m/z/', '7.8', 4183, '8.2', 18269, 95, 39, '2016-12-22 16:53:48', '2016-12-22 17:40:52'),
(53, 'Z for Zachariah', 'z-for-zachariah-1', 'Z for Zachariah', 393060, 193687, 2015, 95, 'Estados Unidos', 'Tras una guerra nuclear una joven sobrevive en solitario, temiendo ser la famosa ''última mujer sobre la faz de La Tierra'' hasta que descubre lo más impactante que ha visto en su vida: otro ser humano. Un científico chiflado, prácticamente al borde de la locura por la exposición a la radiación y su búsqueda desesperada de otros humanos. Una frágil relación de confianza se forja entre ambos, pero cuando un extraño llega al valle, su precario vínculo empieza a tambalearse.', '/xrwxzShNKYs8l0ISnfjFVfUD0CW.jpg', 0, 118483, 0, 'tt1598642', 'http://www.rottentomatoes.com/m/z_for_zachariah/', '5.5', 555, '6.0', 18788, 79, 81, '2016-12-22 16:53:49', '2016-12-22 17:40:52'),
(54, 'Zabriskie Point', 'zabriskie-point', 'Zabriskie Point', 512095, 2998, 1970, 110, 'Estados Unidos', 'Tras un enfrentamiento en un campus universitario entre estudiantes y policías, un joven de familia acomodada, que ha matado a un agente, tras robar una avioneta huye con un compañero al desierto de Arizona. Allí se encuentra casualmente con una muchacha que trabaja para un abogado, que dirige un importante proyecto inmobiliario.', '/8MQ663UOCWc1nXSI2l0HGzvmd6o.jpg', 0, 900000, 7000000, 'tt0066601', 'http://www.rottentomatoes.com/m/zabriskie_point/', '6.7', 1571, '7.1', 11178, 67, 24, '2016-12-22 17:40:52', '2016-12-22 17:40:52'),
(55, 'Zack y Cody, la película', 'zack-y-cody-la-pelicula', 'The Suite Life Movie', 784758, 60803, 2011, 79, 'Estados Unidos', 'Película derivada de la serie del mismo nombre. En esta historia, los gemelos desembarcarán del crucero para intentar encontrar la forma de obtener una plaza en la universidad de Yale. Pronto se involucrarán en el Proyecto Gemini, un importante plan de investigación sobre gemelos gracias al cual los famosos hermanos desarrollarán un vínculo muy especial entre ellos.', '/voC24WMjo6gFGxdTjrlKhzhJhio.jpg', 0, 0, 0, 'tt1754799', 'http://www.rottentomatoes.com/m/the_suite_life_movie/', '3.3', 172, '5.5', 1961, -1, -1, '2016-12-22 17:40:53', '2016-12-22 17:40:53'),
(56, 'Zafarrancho de combate', 'zafarrancho-de-combate', 'Away All Boats', 752614, 80775, 1956, 114, 'Estados Unidos', 'Durante la II Guerra Mundial (1939-1945), mientras la Marina de los EE.UU. se abría paso en Guadalcanal, y los soldados americanos se establecían en el norte de África, un grupo de marineros, comandados por el capitán Jebediah S. Hawks, se embarcan en un viejo buque de guerra llamado Belinda, con el objetivo de trasladar un batallón de infantería a cualquier lugar ocupado por el enemigo. Ésta es la historia de ese barco y del hombre que lo condujo a las azarosas playas del Pacífico. (FILMAFFINITY)', '/4X4v06n9TQ8dsYe0iVDLRC4xGlQ.jpg', 0, 0, 0, 'tt0048971', 'http://www.rottentomatoes.com/m/away_all_boats/', '5.4', 123, '6.4', 951, -1, -1, '2016-12-22 17:40:53', '2016-12-22 17:40:53'),
(57, 'Zafarrancho en el casino', 'zafarrancho-en-el-casino', 'The Honeymoon Machine', 983879, 34768, 1961, 91, 'Estados Unidos', 'Un teniente de la Marina, que forma parte de la tripulación de un barco americano anclado frente a Venecia, proyecta hacer saltar la banca del casino de la ciudad, sirviéndose del ordenador del barco.', '/o0j6q804A4JHRXgx6XgrXRVvTj.jpg', 0, 0, 0, 'tt0054989', 'http://www.rottentomatoes.com/m/honeymoon_machine/', '6.0', 278, '6.2', 843, -1, -1, '2016-12-22 17:40:53', '2016-12-22 17:40:53'),
(58, 'Zafarrancho en el circo (Parade)', 'zafarrancho-en-el-circo-parade', 'Parade', 450668, 58655, 1974, 89, 'Francia', 'Un público heterogéneo toma asiento en el circo, impaciente por que empiece el espectáculo. "Monsieur Loyal" da la bienvenida a todos. Acróbatas, payasos y cantantes salen para entretener al público. Sin embargo, el espectáculo acaba demasiado pronto, y dos niños pequeños se dedican a explorar detrás del escenario.', '/jwKXzKu2UtOAFDveceuRYGLc22t.jpg', 0, 0, 0, 'tt0071968', 'http://www.rottentomatoes.com/m/parade/', '6.1', 140, '6.1', 811, 50, 8, '2016-12-22 17:40:53', '2016-12-22 17:40:53'),
(59, 'Zafarrancho en el rancho', 'zafarrancho-en-el-rancho', 'Home on the Range', 553986, 13700, 2004, 76, 'Estados Unidos', 'Un avaricioso proscrito llamado Alameda Slim planea apoderarse de la vaquería “Patch of Heaven”, pero tres decididas vacas, un caballo karateka llamado Buck y un alegre corral lleno de criaturas unen sus fuerzas para salvar la granja en una aventura loca y frenética. Esta extraña mezcla de animales pondrá su vida en constante peligro para capturar al malvado Slim, y cobrar la recompensa con la ayuda de un misterioso cazarrecompensas llamado Rico.', '/6RGQfKXuoxCDA3bIrkUZVyotQIe.jpg', 0, 103951461, 110000000, 'tt0299172', 'http://www.rottentomatoes.com/m/home_on_the_range/', '4.7', 3589, '5.4', 14067, 54, 125, '2016-12-22 17:40:54', '2016-12-22 17:40:54'),
(60, 'Zambezia', 'zambezia', 'Zambezia', 749263, 133931, 2012, 83, 'Sudáfrica', 'Situada al margen de la majestuosa casaca Victoria, en el corazón de África, existe la increíble ciudad de aves de Zambezia, liderada por el sabio veterano Sakhuru (Leonard Nimoy).  Nuestro joven héroe, el halcón kai (Jeremy Suarez) deja su remoro paraje en contra de la voluntad de su padre (Samuel L. Jackson) para unirse al prestigioso grupo de voladores de defensa "Los Huracanes", entrenados ferozmente por Ajax (Jeff Goldblum) para patrullar los cielos y mantener a Zambezia a salvo.', '/dLZTSTe4czdJ3Fr6vwy8XwVzLF5.jpg', 0, 0, 20000000, 'tt1488181', 'http://www.rottentomatoes.com/m/zambezia/', '5.8', 116, '5.8', 5290, 17, 6, '2016-12-22 17:40:54', '2016-12-22 17:40:54'),
(61, 'Zampo y yo', 'zampo-y-yo', 'Zampo y yo', 901625, 222605, 1965, 105, 'España', 'Ana Belén es hija de un poderoso hombre de negocios, viudo. Viven en una lujosa mansión, pero no es feliz pues su padre no le presta mucha atención. Un día acude al circo, donde conoce a Zampo, un viejo payaso del que se hará muy amiga. Su padre piensa que los payasos no son más que hombres inútiles y fracasados, por lo que prohibirá a Ana que vaya al circo, aunque ella no le hace caso.... (FILMAFFINITY)', '/nMqFyCKy1nlEHLxuYqcYnOWZTFy.jpg', 0, 0, 0, 'tt0059940', 'N/A', '3.7', 1244, '4.6', 46, -1, -1, '2016-12-22 17:40:54', '2016-12-22 17:40:54'),
(62, 'Zandalee (En el límite del deseo)', 'zandalee-en-el-limite-del-deseo', 'Zandalee', 334871, 36630, 1990, 100, 'Estados Unidos', 'Una esposa aburrida comienza a sentir una erótica atracción por un siniestro amigo de su marido. (FILMAFFINITY)', '/x1ODOeDVyrfo5p8PubQ2K2BTbCY.jpg', 0, 0, 0, 'tt0101004', 'http://www.rottentomatoes.com/m/zandalee/', '3.3', 539, '4.4', 2825, 33, 6, '2016-12-22 17:40:54', '2016-12-22 17:40:54'),
(63, 'Zapata: El sueño del héroe', 'zapata-el-sueno-del-heroe', 'Zapata: El sueño del héroe', 762682, 405495, 2004, 101, 'México', 'Biopic sobre el famoso revolucionario mexicano Emiliano Zapata, convertido aquí en un chamán, un curandero esotérico. Sus protagonistas son dos conocidos cantantes mexicanos.', '/pu6Vr7D0XZrpVWUSpiJkVWVITNm.jpg', 0, 0, 0, '0', '', '3.2', 207, '-1.0', -1, -1, -1, '2016-12-22 17:40:55', '2016-12-22 17:40:55'),
(64, 'Zapatones', 'zapatones', 'Piedone d''Egitto', 488050, 11160, 1980, 103, 'Italia', 'El comisario Rizzo y su ayudante Caputto investigan el secuestro de la sobrina de un magnate del petróleo, Connie Burns. La profesionalidad del comisario queda demostrada cuando descubre a los raptores entre la preligrosa y numerosa banda de "El sueco". (FILMAFFINITY)', '/oLLCIETe5sZ2Kxmbk846uKlA8ZE.jpg', 0, 0, 0, 'tt0079718', 'http://www.rottentomatoes.com/m/piedone_degitto/', '4.3', 442, '6.2', 2129, -1, -1, '2016-12-22 17:40:55', '2016-12-22 17:40:55'),
(65, 'Zapping', 'zapping', 'Zapping', 869540, 257703, 1999, 94, 'España', 'Alberto (Alberto San Juan) y Ana María ( Natalia Dicenta) se separan tras ocho años de matrimonio a causa de Elvira (Paz Vega), otra mujer más joven. Para recuperar a su ex-marido Ana María está dispuesta a participar en un "reality show", un programa de televisión donde la gente cuenta sus intimidades delante de millones de personas.', '/igfEa4RRvjlKwxoQlvmsCbAGpxG.jpg', 0, 0, 0, 'tt0215383', 'N/A', '4.0', 426, '4.9', 109, -1, -1, '2016-12-22 17:40:55', '2016-12-22 17:40:55'),
(66, 'Zarafa', 'zarafa', 'Zarafa', 209844, 94196, 2012, 78, 'Francia', 'Zarafa relata una historia inspirada en un hecho histórico. Maki es un niño de diez años que ha entablado amistad con Zarafa, una jirafa huérfana, ofrecida por el pachá de Egipto al rey de Francia Carlos X para que le ayude a liberar Alejandría de los invasores turcos. Maki acompaña a Zarafa en su periplo entre Alejandría y París cruzando el desierto, viajando en globo, navegando en un barco pirata, descubriendo la nieve en los Alpes, luchando contra los lobos, conociendo al rey de Francia y, a la postre, siendo perseguido y posteriormente hecho preso por un temible comerciante de esclavos. Sin embargo, Maki solo tiene una idea en la cabeza: llevar a Zarafa de vuelta a África.', '/r6srwaqTFbZj7WODwWIzSC50sKP.jpg', 0, 0, 10750000, 'tt2077908', 'http://www.rottentomatoes.com/m/zarafa/', '6.6', 217, '7.0', 1050, 78, 18, '2016-12-22 17:40:55', '2016-12-22 17:40:55'),
(67, 'Zardoz', 'zardoz', 'Zardoz', 842694, 4923, 1974, 105, 'Reino Unido', 'A finales del siglo XXIII, en la Tierra sólo sobreviven dos razas humanas: los inmortales, una casta privilegiada que no envejece y lleva una vida placentera; la otra raza vive miserablemente y sólo confía en Zardoz, el dios al que veneran. Zardoz decide elegir a unos cuantos hombres, les entrega armas y los adiestra para enfrentarse a los inmortales.', '/tY7eQBkDGcTfp0hEKnGdEuKtaGG.jpg', 0, 0, 0, 'tt0070948', 'http://www.rottentomatoes.com/m/zardoz/', '5.4', 2247, '5.8', 15295, 42, 19, '2016-12-22 17:40:55', '2016-12-22 17:40:55');
INSERT INTO `movies` (`id`, `title`, `slug`, `original_title`, `fa_id`, `tm_id`, `year`, `duration`, `country`, `review`, `poster`, `verified`, `revenue`, `budget`, `imdb_id`, `rt_url`, `fa_rat`, `fa_rat_count`, `im_rat`, `im_rat_count`, `rt_rat`, `rt_rat_count`, `created_at`, `updated_at`) VALUES
(68, '¡Zarpazos! Un viaje por el spanish horror', 'zarpazos-un-viaje-por-el-spanish-horror', '¡Zarpazos! Un viaje por el spanish horror', 848289, 257844, 2013, 63, 'España', '¡Zarpazos! cuenta como a finales de los años sesenta del siglo pasado, el cine español comienza a producir de forma continuada una ingente cantidad de películas de género de terror. El fenómeno propició una importante apertura a los mercados internacionales, una producción continuada, un determinado star-system, así como directores especializados. Eso sí, el Spanish Horror en aquellas décadas pasadas frecuentó el mimetismo internacional, así como ofreció un particular abordaje del sexo, la sangre y la violencia. Este documental repasa, entre recuerdos y anécdotas, aquel insólito fenómeno de la España franquista.', '/5K4vrzVasbGT45W3jaoV7pe3GZh.jpg', 0, 0, 0, 'tt2358836', 'http://www.rottentomatoes.com/m/zarpazos_un_viaje_por_el_spanish_horror/', '6.5', 132, '6.5', 22, -1, -1, '2016-12-22 17:40:55', '2016-12-22 17:40:55'),
(69, 'Zathura, una aventura espacial', 'zathura-una-aventura-espacial', 'Zathura: A Space Adventure', 969918, 6795, 2005, 101, 'Estados Unidos', 'Cuando su padre se va a trabajar y quedan al cuidado de su hermana mayor, Danny, de seis años, y Walter, de diez, o riñen o se aburren soberanamente. Durante una pelea, Danny se esconde en un pequeño montacargas, y Walter lo hace bajar hasta el oscuro y temido sótano. Allí descubre el antiguo tablero de metal de un juego de mesa llamado “Zathura”; después de intentar, sin éxito, que su hermano juegue con él, Danny empieza a jugar solo. Desde la primera jugada, Danny se da cuenta de que no es un juego de mesa normal. La ficha de la nave espacial se mueve sola y, cuando aterriza en un espacio, expulsa una tarjeta que dice: “Lluvia de meteoritos, adopta tácticas evasivas”; inmediatamente, sobre la casa, empiezan a caer meteoritos fundidos y calientes. Cuando Danny y Walter miran a través del gran agujero abierto en el techo, descubren con horror que han sido lanzados al espacio sideral.', '/amqgIuISRBt8tsZM6cTT6gO9WLR.jpg', 0, 64321501, 65000000, 'tt0406375', 'http://www.rottentomatoes.com/m/zathura/', '5.0', 7298, '6.1', 69471, 75, 158, '2016-12-22 17:40:56', '2016-12-22 17:40:56'),
(70, 'Zatoichi', 'zatoichi', 'Zatoichi', 651313, 246, 2003, 115, 'Japón', 'Japón, siglo XIX. Zatoichi es un vagabundo ciego que vive del juego y de dar masajes. Pero además es un maestro con la espada, rápido y preciso como el mejor samurai. En una ciudad en las montañas, a merced de la banda de Ginzo, Zatoichi y su fiel amigo Shinkichi conocen a un par de geishas, bellas y peligrosas. Okinu y su hermana Osei han llegado a la ciudad a vengar el asesinato de sus padres, y su única pista es el misterioso nombre de Kuchinawa', '/xNBsqGjv1hiyelLQdou4G4iVEJj.jpg', 0, 0, 0, 'tt0363226', 'http://www.rottentomatoes.com/m/zatoichi_2003/', '7.3', 25922, '7.6', 41106, 86, 123, '2016-12-22 17:40:56', '2016-12-22 17:40:56'),
(71, 'Zazie en el metro', 'zazie-en-el-metro', 'Zazie dans le Metro', 222874, 2546, 1959, 92, 'Francia', 'Para poder estar con su amante, la madre de Zazie la manda a París, a casa de unos familiares. Pero la niña, que tiene doce años, se escapa para recorrer París y conocer lugares y gentes nuevas.', '/7mlqkmLAPQq5cu6FknL7GPJpnGy.jpg', 0, 0, 0, 'tt0054494', 'http://www.rottentomatoes.com/m/zazie-dans-le-metro-zazie-in-the-subway/', '6.4', 1145, '7.1', 3978, 87, 15, '2016-12-22 17:40:56', '2016-12-22 17:40:56'),
(72, 'Zebraman', 'zebraman', 'Zeburaman', 763746, 36223, 2004, 115, 'Japón', 'Shinichi es un profesor obsesionado con una antigua serie sentai llamada Zebraman, la relación con su familia no es muy buena, así que cada noche se encierra en su habitación para coser un traje a imagen y semejanza al original del protagonista de la serie.', '/7E43Aty1FmWJWiG7Xb3pBfPY27F.jpg', 0, 0, 0, 'tt0388556', 'http://www.rottentomatoes.com/m/zebraman/', '5.9', 589, '6.7', 2822, 57, 14, '2016-12-22 17:40:57', '2016-12-22 17:40:57');

-- --------------------------------------------------------

--
-- Estructura de tabla para la tabla `params`
--

CREATE TABLE `params` (
  `name` varchar(255) COLLATE utf8_unicode_ci NOT NULL,
  `value` varchar(255) COLLATE utf8_unicode_ci DEFAULT NULL,
  `date` date DEFAULT NULL
) ENGINE=InnoDB DEFAULT CHARSET=utf8 COLLATE=utf8_unicode_ci;

--
-- Volcado de datos para la tabla `params`
--

INSERT INTO `params` (`name`, `value`, `date`) VALUES
('Cartelera', NULL, '2016-12-16');

-- --------------------------------------------------------

--
-- Estructura de tabla para la tabla `password_resets`
--

CREATE TABLE `password_resets` (
  `email` varchar(255) COLLATE utf8_unicode_ci NOT NULL,
  `token` varchar(255) COLLATE utf8_unicode_ci NOT NULL,
  `created_at` timestamp NULL DEFAULT NULL
) ENGINE=InnoDB DEFAULT CHARSET=utf8 COLLATE=utf8_unicode_ci;

-- --------------------------------------------------------

--
-- Estructura de tabla para la tabla `users`
--

CREATE TABLE `users` (
  `id` int(10) UNSIGNED NOT NULL,
  `name` varchar(255) COLLATE utf8_unicode_ci NOT NULL,
  `email` varchar(255) COLLATE utf8_unicode_ci NOT NULL,
  `facebook_id` varchar(255) COLLATE utf8_unicode_ci DEFAULT NULL,
  `google_id` varchar(255) COLLATE utf8_unicode_ci DEFAULT NULL,
  `password` varchar(255) COLLATE utf8_unicode_ci DEFAULT NULL,
  `avatar` varchar(255) COLLATE utf8_unicode_ci DEFAULT NULL,
  `admin` tinyint(1) NOT NULL DEFAULT '0',
  `remember_token` varchar(100) COLLATE utf8_unicode_ci DEFAULT NULL,
  `created_at` timestamp NULL DEFAULT NULL,
  `updated_at` timestamp NULL DEFAULT NULL
) ENGINE=InnoDB DEFAULT CHARSET=utf8 COLLATE=utf8_unicode_ci;

--
-- Volcado de datos para la tabla `users`
--

INSERT INTO `users` (`id`, `name`, `email`, `facebook_id`, `google_id`, `password`, `avatar`, `admin`, `remember_token`, `created_at`, `updated_at`) VALUES
(1, 'Oficial Indicecine', 'oficial@indicecine.com', NULL, NULL, '$2y$10$dgVEiX1wriObBqFJCAzjEeuZqsPqGELKs5IFPvLP9x5efKxqMu6wO', NULL, 1, NULL, NULL, NULL),
(2, 'default', 'default@default.com', NULL, NULL, '$2y$10$tuz2YFQhvD.Gc/1hQcwHo.V6ci01fycgSrC2zf6v2E/R.2.jHu1Wm', NULL, 0, NULL, NULL, NULL);

--
-- Índices para tablas volcadas
--

--
-- Indices de la tabla `characters`
--
ALTER TABLE `characters`
  ADD PRIMARY KEY (`id`);

--
-- Indices de la tabla `character_movie`
--
ALTER TABLE `character_movie`
  ADD KEY `character_movie_movie_id_foreign` (`movie_id`),
  ADD KEY `character_movie_character_id_foreign` (`character_id`);

--
-- Indices de la tabla `comments`
--
ALTER TABLE `comments`
  ADD PRIMARY KEY (`id`),
  ADD KEY `comments_user_id_foreign` (`user_id`),
  ADD KEY `comments_movie_id_foreign` (`movie_id`);

--
-- Indices de la tabla `critics`
--
ALTER TABLE `critics`
  ADD PRIMARY KEY (`id`),
  ADD KEY `critics_user_id_foreign` (`user_id`),
  ADD KEY `critics_movie_id_foreign` (`movie_id`);

--
-- Indices de la tabla `genres`
--
ALTER TABLE `genres`
  ADD PRIMARY KEY (`id`);

--
-- Indices de la tabla `genre_movie`
--
ALTER TABLE `genre_movie`
  ADD KEY `genre_movie_movie_id_foreign` (`movie_id`),
  ADD KEY `genre_movie_genre_id_foreign` (`genre_id`);

--
-- Indices de la tabla `lists`
--
ALTER TABLE `lists`
  ADD PRIMARY KEY (`id`),
  ADD KEY `lists_user_id_foreign` (`user_id`);

--
-- Indices de la tabla `list_movie`
--
ALTER TABLE `list_movie`
  ADD KEY `list_movie_movie_id_foreign` (`movie_id`),
  ADD KEY `list_movie_list_id_foreign` (`list_id`);

--
-- Indices de la tabla `movies`
--
ALTER TABLE `movies`
  ADD PRIMARY KEY (`id`),
  ADD UNIQUE KEY `movies_slug_unique` (`slug`);

--
-- Indices de la tabla `password_resets`
--
ALTER TABLE `password_resets`
  ADD KEY `password_resets_email_index` (`email`),
  ADD KEY `password_resets_token_index` (`token`);

--
-- Indices de la tabla `users`
--
ALTER TABLE `users`
  ADD PRIMARY KEY (`id`),
  ADD UNIQUE KEY `users_facebook_id_unique` (`facebook_id`),
  ADD UNIQUE KEY `users_google_id_unique` (`google_id`);

--
-- AUTO_INCREMENT de las tablas volcadas
--

--
-- AUTO_INCREMENT de la tabla `comments`
--
ALTER TABLE `comments`
  MODIFY `id` int(10) UNSIGNED NOT NULL AUTO_INCREMENT;
--
-- AUTO_INCREMENT de la tabla `critics`
--
ALTER TABLE `critics`
  MODIFY `id` int(10) UNSIGNED NOT NULL AUTO_INCREMENT, AUTO_INCREMENT=403;
--
-- AUTO_INCREMENT de la tabla `lists`
--
ALTER TABLE `lists`
  MODIFY `id` int(10) UNSIGNED NOT NULL AUTO_INCREMENT, AUTO_INCREMENT=2;
--
-- AUTO_INCREMENT de la tabla `movies`
--
ALTER TABLE `movies`
  MODIFY `id` int(10) UNSIGNED NOT NULL AUTO_INCREMENT, AUTO_INCREMENT=73;
--
-- AUTO_INCREMENT de la tabla `users`
--
ALTER TABLE `users`
  MODIFY `id` int(10) UNSIGNED NOT NULL AUTO_INCREMENT, AUTO_INCREMENT=3;
--
-- Restricciones para tablas volcadas
--

--
-- Filtros para la tabla `character_movie`
--
ALTER TABLE `character_movie`
  ADD CONSTRAINT `character_movie_character_id_foreign` FOREIGN KEY (`character_id`) REFERENCES `characters` (`id`),
  ADD CONSTRAINT `character_movie_movie_id_foreign` FOREIGN KEY (`movie_id`) REFERENCES `movies` (`id`);

--
-- Filtros para la tabla `comments`
--
ALTER TABLE `comments`
  ADD CONSTRAINT `comments_movie_id_foreign` FOREIGN KEY (`movie_id`) REFERENCES `movies` (`id`) ON DELETE CASCADE,
  ADD CONSTRAINT `comments_user_id_foreign` FOREIGN KEY (`user_id`) REFERENCES `users` (`id`) ON DELETE CASCADE;

--
-- Filtros para la tabla `critics`
--
ALTER TABLE `critics`
  ADD CONSTRAINT `critics_movie_id_foreign` FOREIGN KEY (`movie_id`) REFERENCES `movies` (`id`) ON DELETE CASCADE,
  ADD CONSTRAINT `critics_user_id_foreign` FOREIGN KEY (`user_id`) REFERENCES `users` (`id`) ON DELETE CASCADE;

--
-- Filtros para la tabla `genre_movie`
--
ALTER TABLE `genre_movie`
  ADD CONSTRAINT `genre_movie_genre_id_foreign` FOREIGN KEY (`genre_id`) REFERENCES `genres` (`id`),
  ADD CONSTRAINT `genre_movie_movie_id_foreign` FOREIGN KEY (`movie_id`) REFERENCES `movies` (`id`);

--
-- Filtros para la tabla `lists`
--
ALTER TABLE `lists`
  ADD CONSTRAINT `lists_user_id_foreign` FOREIGN KEY (`user_id`) REFERENCES `users` (`id`) ON DELETE CASCADE;

--
-- Filtros para la tabla `list_movie`
--
ALTER TABLE `list_movie`
  ADD CONSTRAINT `list_movie_list_id_foreign` FOREIGN KEY (`list_id`) REFERENCES `lists` (`id`),
  ADD CONSTRAINT `list_movie_movie_id_foreign` FOREIGN KEY (`movie_id`) REFERENCES `movies` (`id`);

/*!40101 SET CHARACTER_SET_CLIENT=@OLD_CHARACTER_SET_CLIENT */;
/*!40101 SET CHARACTER_SET_RESULTS=@OLD_CHARACTER_SET_RESULTS */;
/*!40101 SET COLLATION_CONNECTION=@OLD_COLLATION_CONNECTION */;
